genome	antismash_region	antismash_start	antismash_end	gecco_region	gecco_start	gecco_end	overlapping
HpGP-ALG-001	region001	942365	963277	HpGP-ALG-001_cluster_1	274094	278329	no
HpGP-ALG-002	region001	944330	965242	HpGP-ALG-002_cluster_1	225423	229654	no
HpGP-ALG-003	region001	1004269	1025181	HpGP-ALG-003_cluster_1	219144	223561	no
HpGP-ALG-005	region001	953491	974403	HpGP-ALG-005_cluster_1	272940	277176	no
HpGP-ALG-009	region001	949848	970760	HpGP-ALG-009_cluster_1	280439	284670	no
HpGP-ALG-010	region001	208539	229451	HpGP-ALG-010_cluster_1	934782	939018	no
HpGP-ARG-001	region001	963765	984677	HpGP-ARG-001_cluster_1	223522	227742	no
HpGP-ARG-003	region001	907068	927980	HpGP-ARG-003_cluster_1	216875	221301	no
HpGP-ARG-008	region001	958275	979187	HpGP-ARG-008_cluster_1	239681	244068	no
HpGP-ARG-009	region001	982815	1003727	HpGP-ARG-009_cluster_1	232441	236791	no
HpGP-ARG-010	region001	943955	964867	HpGP-ARG-010_cluster_1	226150	230521	no
HpGP-BGD-001	region001	645313	666225	HpGP-BGD-001_cluster_1	192296	196486	no
HpGP-BGD-002	region001	909288	930200	HpGP-BGD-002_cluster_1	193711	198039	no
HpGP-BGD-003	region001	960034	980946	HpGP-BGD-003_cluster_1	243318	247693	no
HpGP-BGD-005	region001	694656	715568	HpGP-BGD-005_cluster_1	217526	221759	no
HpGP-BGD-008	region001	929533	950445	HpGP-BGD-008_cluster_1	219331	223558	no
HpGP-BGD-009	region001	818953	839865	HpGP-BGD-009_cluster_1	217517	221750	no
HpGP-BGD-010	region001	912192	933104	HpGP-BGD-010_cluster_1	223801	228177	no
HpGP-BGR-003	region001	733833	754745	HpGP-BGR-003_cluster_1	215331	219751	no
HpGP-BGR-005	region001	1003611	1024523	HpGP-BGR-005_cluster_1	226049	230419	no
HpGP-BGR-006	region001	942291	963203	HpGP-BGR-006_cluster_1	217824	222295	no
HpGP-BRA-001	region001	954333	975245	HpGP-BRA-001_cluster_1	219189	223602	no
HpGP-BRA-002	region001	954027	974939	HpGP-BRA-002_cluster_1	226424	230833	no
HpGP-BRA-004	region001	953618	974530	HpGP-BRA-004_cluster_1	226091	230320	no
HpGP-BRA-007	region001	946324	967236	HpGP-BRA-007_cluster_1	226434	230619	no
HpGP-BRA-012	region001	339974	360886	HpGP-BRA-012_cluster_1	1058876	1063256	no
HpGP-BRA-014	region001	994349	1015261	HpGP-BRA-014_cluster_1	224323	228557	no
HpGP-BRA-018	region001	960010	980922	HpGP-BRA-018_cluster_1	223247	227657	no
HpGP-BRA-019	region001	970770	991682	HpGP-BRA-019_cluster_1	224339	228753	no
HpGP-BRA-025	region001	484371	505283	HpGP-BRA-025_cluster_1	238636	242875	no
HpGP-CAN-002	region001	994194	1015106	HpGP-CAN-002_cluster_1	226328	230560	no
HpGP-CAN-004	region001	955223	976135	HpGP-CAN-004_cluster_1	222235	226467	no
HpGP-CAN-007	region001	1013790	1034702	HpGP-CAN-007_cluster_1	1134168	1141270	no
HpGP-CAN-010	region001	696392	717304	HpGP-CAN-010_cluster_1	590095	598012	no
HpGP-CAN-012	region001	518531	539443	HpGP-CAN-012_cluster_1	222388	226617	no
HpGP-CAN-014	region001	988647	1009559	HpGP-CAN-014_cluster_1	227347	231531	no
HpGP-CAN-015	region001	696302	717214	HpGP-CAN-015_cluster_1	589977	597921	no
HpGP-CAN-017	region001	991228	1012140	HpGP-CAN-017_cluster_1	224687	228995	no
HpGP-CAN-022	region001	411762	432674	HpGP-CAN-022_cluster_1	239612	244296	no
HpGP-CAN-025	region001	411875	432787	HpGP-CAN-025_cluster_1	239814	244262	no
HpGP-CHI-004	region001	972095	993007	HpGP-CHI-004_cluster_1	219859	224194	no
HpGP-CHI-005	region001	952976	973888	HpGP-CHI-005_cluster_1	221667	225706	no
HpGP-CHI-011	region001	371249	392161	HpGP-CHI-011_cluster_1	1150117	1154490	no
HpGP-CHI-018	region001	1022208	1043120	HpGP-CHI-018_cluster_1	220503	224722	no
HpGP-CHI-021	region001	951886	972798	HpGP-CHI-021_cluster_1	227185	231550	no
HpGP-CHI-023	region001	659883	680795	HpGP-CHI-023_cluster_1	224053	228422	no
HpGP-CHI-024	region001	956588	977500	HpGP-CHI-024_cluster_1	225830	230249	no
HpGP-CHI-026	region001	933080	953992	HpGP-CHI-026_cluster_1	222124	226315	no
HpGP-CHI-027	region001	948026	968938	HpGP-CHI-027_cluster_1	216536	221212	no
HpGP-CHI-028	region001	668297	689209	HpGP-CHI-028_cluster_1	232854	237223	no
HpGP-CHI-116	region001	997013	1017925	HpGP-CHI-116_cluster_1	1110114	1117377	no
HpGP-CHI-119	region001	956670	977582	HpGP-CHI-119_cluster_1	222300	226605	no
HpGP-CHI-122	region001	1428756	1449668	HpGP-CHI-122_cluster_1	633988	638216	no
HpGP-CHI-123	region001	659350	680262	HpGP-CHI-123_cluster_1	239827	244199	no
HpGP-CHI-124	region001	957820	978732	HpGP-CHI-124_cluster_1	229755	233996	no
HpGP-CHI-125	region001	932961	953873	HpGP-CHI-125_cluster_1	223371	227593	no
HpGP-CHI-127	region001	956518	977430	HpGP-CHI-127_cluster_1	220925	225295	no
HpGP-CHI-207	region001	650569	671481	HpGP-CHI-207_cluster_1	226625	230863	no
HpGP-CHI-208	region001	953181	974093	HpGP-CHI-208_cluster_1	247033	251411	no
HpGP-CHN-001	region001	429459	450371	HpGP-CHN-001_cluster_1	1170874	1175065	no
HpGP-CHN-003	region001	996561	1017473	HpGP-CHN-003_cluster_1	245351	249541	no
HpGP-CHN-004	region001	961454	982366	HpGP-CHN-004_cluster_1	237252	241623	no
HpGP-CHN-005	region001	973219	994131	HpGP-CHN-005_cluster_1	245821	250195	no
HpGP-CHN-007	region001	939351	960263	HpGP-CHN-007_cluster_1	236269	240459	no
HpGP-CHN-008	region001	985465	1006377	HpGP-CHN-008_cluster_1	233138	237331	no
HpGP-CHN-009	region001	950641	971553	HpGP-CHN-009_cluster_1	149182	165584	no
HpGP-CHN-009	region001	950641	971553	HpGP-CHN-009_cluster_2	244361	248553	no
HpGP-CHN-010	region001	427284	448196	HpGP-CHN-010_cluster_1	1156576	1160950	no
HpGP-COG-002	region001	985963	1006875	HpGP-COG-002_cluster_1	221770	226193	no
HpGP-COG-005	region001	941590	962502	HpGP-COG-005_cluster_1	220593	227049	no
HpGP-COL-003	region001	979867	1000779	HpGP-COL-003_cluster_1	241130	245545	no
HpGP-COL-006	region001	955986	976730	HpGP-COL-006_cluster_1	225514	229883	no
HpGP-COL-008	region001	1003237	1024149	HpGP-COL-008_cluster_1	221154	225393	no
HpGP-COL-102	region001	952444	973356	HpGP-COL-102_cluster_1	222344	226807	no
HpGP-COL-104	region001	922898	943810	HpGP-COL-104_cluster_1	225566	229983	no
HpGP-COL-107	region001	995143	1016055	HpGP-COL-107_cluster_1	218823	223191	no
HpGP-COL-108	region001	954027	974939	HpGP-COL-108_cluster_1	224164	228353	no
HpGP-COL-110	region001	524085	544997	HpGP-COL-110_cluster_1	226597	231012	no
HpGP-COL-112	region001	1013534	1034446	HpGP-COL-112_cluster_1	221032	225739	no
HpGP-COL-119	region001	978715	999627	HpGP-COL-119_cluster_1	260119	264460	no
HpGP-COL-121	region001	1004811	1025723	HpGP-COL-121_cluster_1	223859	228098	no
HpGP-COL-122	region001	1016020	1036932	HpGP-COL-122_cluster_1	224745	228911	no
HpGP-COL-204	region001	949131	970043	HpGP-COL-204_cluster_1	221590	225780	no
HpGP-COL-205	region001	946336	967248	HpGP-COL-205_cluster_1	219091	223503	no
HpGP-COL-206	region001	943925	964837	HpGP-COL-206_cluster_1	223844	228259	no
HpGP-COL-207	region001	957055	977967	HpGP-COL-207_cluster_1	223956	228369	no
HpGP-COL-211	region001	952528	973440	HpGP-COL-211_cluster_1	221936	226384	no
HpGP-COL-301	region001	953913	974825	HpGP-COL-301_cluster_1	225561	229637	no
HpGP-COL-302	region001	1036684	1057596	HpGP-COL-302_cluster_1	221873	226372	no
HpGP-COL-303	region001	938430	959342	HpGP-COL-303_cluster_1	219348	223688	no
HpGP-COL-306	region001	954931	975843	HpGP-COL-306_cluster_1	220703	225382	no
HpGP-COL-307	region001	935300	956212	HpGP-COL-307_cluster_1	218748	222987	no
HpGP-COL-308	region001	955390	976302	HpGP-COL-308_cluster_1	219263	223497	no
HpGP-COL-309	region001	938352	959264	HpGP-COL-309_cluster_1	218437	222806	no
HpGP-CRI-001	region001	399065	419977	HpGP-CRI-001_cluster_1	1182176	1186857	no
HpGP-CRI-002	region001	847650	868562	HpGP-CRI-002_cluster_1	1315205	1319438	no
HpGP-CRI-004	region001	958685	979597	HpGP-CRI-004_cluster_1	220559	224909	no
HpGP-CRI-007	region001	964035	984947	HpGP-CRI-007_cluster_1	219147	223383	no
HpGP-CRI-008	region001	917449	938361	HpGP-CRI-008_cluster_1	1317984	1323182	no
HpGP-DOM-002	region001	1199749	1220661	HpGP-DOM-002_cluster_1	310097	314579	no
HpGP-DOM-005	region001	1420802	1441714	HpGP-DOM-005_cluster_1	223760	227991	no
HpGP-DOM-007	region001	944046	964958	HpGP-DOM-007_cluster_1	225328	229558	no
HpGP-DOM-010	region001	951355	972267	HpGP-DOM-010_cluster_1	265315	269727	no
HpGP-DOM-011	region001	952668	973580	HpGP-DOM-011_cluster_1	220453	224877	no
HpGP-FRA-001	region001	1014331	1035243	HpGP-FRA-001_cluster_1	1425426	1429742	no
HpGP-FRA-002	region001	644977	665889	HpGP-FRA-002_cluster_1	219575	223947	no
HpGP-FRA-004	region001	948920	969832	HpGP-FRA-004_cluster_1	220399	225126	no
HpGP-FRA-006	region001	945357	966269	HpGP-FRA-006_cluster_1	271599	275969	no
HpGP-FRA-007	region001	974921	995833	HpGP-FRA-007_cluster_1	253044	257085	no
HpGP-FRA-008	region001	555568	576480	HpGP-FRA-008_cluster_1	268326	272693	no
HpGP-FRA-010	region001	378554	399466	HpGP-FRA-010_cluster_1	1080647	1085059	no
HpGP-FRA-012	region001	960338	981250	HpGP-FRA-012_cluster_1	223405	227777	no
HpGP-FRA-013	region001	614312	635224	HpGP-FRA-013_cluster_1	216131	220548	no
HpGP-FRA-014	region001	960352	981264	HpGP-FRA-014_cluster_1	223640	227832	no
HpGP-FRA-015	region001	982081	1002993	HpGP-FRA-015_cluster_1	218702	223117	no
HpGP-FRA-017	region001	945578	966490	HpGP-FRA-017_cluster_1	219479	223719	no
HpGP-FRA-018	region001	937577	958489	HpGP-FRA-018_cluster_1	213432	217625	no
HpGP-FRA-020	region001	957182	978094	HpGP-FRA-020_cluster_1	230876	235244	no
HpGP-GER-001	region001	979815	1000727	HpGP-GER-001_cluster_1	244136	249239	no
HpGP-GER-001	region001	979815	1000727	HpGP-GER-001_cluster_2	1431828	1439290	no
HpGP-GER-002	region001	1335515	1356427	HpGP-GER-002_cluster_1	221225	225598	no
HpGP-GER-004	region001	950692	971604	HpGP-GER-004_cluster_1	271853	276220	no
HpGP-GER-005	region001	946119	967031	HpGP-GER-005_cluster_1	221076	225305	no
HpGP-GER-007	region001	944725	965637	HpGP-GER-007_cluster_1	229663	234083	no
HpGP-GER-010	region001	906655	927567	HpGP-GER-010_cluster_1	219232	223390	no
HpGP-GER-012	region001	481172	502084	HpGP-GER-012_cluster_1	1252732	1256922	no
HpGP-GER-016	region001	967739	988651	HpGP-GER-016_cluster_1	252267	256639	no
HpGP-GER-021	region001	962065	982977	HpGP-GER-021_cluster_1	225055	229384	no
HpGP-GHA-003	region001	908248	929160	HpGP-GHA-003_cluster_1	222247	226663	no
HpGP-GHA-009	region001	948852	969764	HpGP-GHA-009_cluster_1	220984	225395	no
HpGP-GMB-008	region001	989236	1010148	HpGP-GMB-008_cluster_1	221816	226050	no
HpGP-GMB-009	region001	946039	966951	HpGP-GMB-009_cluster_1	220138	224856	no
HpGP-GRE-002	region001	953160	974072	HpGP-GRE-002_cluster_1	263124	267494	no
HpGP-GRE-004	region001	926652	947564	HpGP-GRE-004_cluster_1	221082	225496	no
HpGP-GRE-005	region001	925498	946410	HpGP-GRE-005_cluster_1	1099388	1101441	no
HpGP-GRE-008	region001	939579	960491	HpGP-GRE-008_cluster_1	216949	221321	no
HpGP-GRE-011	region001	989386	1010298	HpGP-GRE-011_cluster_1	260800	265172	no
HpGP-GRE-019	region001	934882	955794	HpGP-GRE-019_cluster_1	217135	221507	no
HpGP-GRE-040	region001	956515	977427	HpGP-GRE-040_cluster_1	222769	227137	no
HpGP-GRE-043	region001	938844	959756	HpGP-GRE-043_cluster_1	219025	223265	no
HpGP-GRE-044	region001	448043	468955	HpGP-GRE-044_cluster_1	219782	223972	no
HpGP-GTM-004	region001	1012609	1033521	HpGP-GTM-004_cluster_1	228627	232853	no
HpGP-GTM-007	region001	945139	966051	HpGP-GTM-007_cluster_1	227545	231963	no
HpGP-HON-001	region001	958228	979140	HpGP-HON-001_cluster_1	222200	226617	no
HpGP-HON-002	region001	973209	994121	HpGP-HON-002_cluster_1	221035	225407	no
HpGP-HON-005	region001	1003836	1024748	HpGP-HON-005_cluster_1	226022	230259	no
HpGP-HON-006	region001	951727	972639	HpGP-HON-006_cluster_1	223110	227415	no
HpGP-HON-009	region001	972188	993100	HpGP-HON-009_cluster_1	218895	223307	no
HpGP-HON-010	region001	944209	965121	HpGP-HON-010_cluster_1	217727	221918	no
HpGP-HON-011	region001	954674	975586	HpGP-HON-011_cluster_1	227484	231721	no
HpGP-HON-013	region001	950065	970977	HpGP-HON-013_cluster_1	222654	227072	no
HpGP-HON-014	region001	992330	1013242	HpGP-HON-014_cluster_1	235558	239977	no
HpGP-HON-015	region001	946020	966932	HpGP-HON-015_cluster_1	220784	225132	no
HpGP-HON-016	region001	975219	996131	HpGP-HON-016_cluster_1	220426	224616	no
HpGP-HON-019	region001	944363	965275	HpGP-HON-019_cluster_1	219824	224234	no
HpGP-HON-024	region001	956568	977480	HpGP-HON-024_cluster_1	275021	279320	no
HpGP-HON-026	region001	955478	976390	HpGP-HON-026_cluster_1	219859	224094	no
HpGP-HON-027	region001	946800	967712	HpGP-HON-027_cluster_1	219801	224038	no
HpGP-IDN-001	region001	721055	741967	HpGP-IDN-001_cluster_1	217462	221788	no
HpGP-IDN-002	region001	921480	942392	HpGP-IDN-002_cluster_1	231786	236186	no
HpGP-IDN-004	region001	947130	968042	HpGP-IDN-004_cluster_1	224178	228545	no
HpGP-IDN-005	region001	988756	1009668	HpGP-IDN-005_cluster_1	233895	238266	no
HpGP-IDN-007	region001	948747	969662	HpGP-IDN-007_cluster_1	235775	240034	no
HpGP-IDN-008	region001	946485	967397	HpGP-IDN-008_cluster_1	233507	237550	no
HpGP-IDN-009	region001	940404	961316	HpGP-IDN-009_cluster_1	219192	223412	no
HpGP-IDN-010	region001	958985	979897	HpGP-IDN-010_cluster_1	270358	274551	no
HpGP-IDN-011	region001	917067	937979	HpGP-IDN-011_cluster_1	213674	217867	no
HpGP-IND-001	region001	930084	950996	HpGP-IND-001_cluster_1	189686	194089	no
HpGP-IND-002	region001	335485	356397	HpGP-IND-002_cluster_1	222025	226260	no
HpGP-IND-005	region001	941004	961916	HpGP-IND-005_cluster_1	215985	220397	no
HpGP-IND-006	region001	837681	858593	HpGP-IND-006_cluster_1	218624	223026	no
HpGP-IND-007	region001	979375	1000287	HpGP-IND-007_cluster_1	261422	266109	no
HpGP-IND-008	region001	938134	959046	HpGP-IND-008_cluster_1	217678	222081	no
HpGP-IND-009	region001	602661	623573	HpGP-IND-009_cluster_1	193267	197949	no
HpGP-IND-010	region001	903275	924187	HpGP-IND-010_cluster_1	190228	194451	no
HpGP-IRN-001	region001	945717	966629	HpGP-IRN-001_cluster_1	223944	228364	no
HpGP-ISL-001	region001	665467	686379	HpGP-ISL-001_cluster_1	224599	229002	no
HpGP-ISL-004	region001	460698	481610	HpGP-ISL-004_cluster_1	266390	270615	no
HpGP-ISL-006	region001	1058899	1079811	HpGP-ISL-006_cluster_1	323924	328118	no
HpGP-ISL-007	region001	341002	361914	HpGP-ISL-007_cluster_1	1037679	1042074	no
HpGP-ISL-008	region001	966375	987287	HpGP-ISL-008_cluster_1	274554	278956	no
HpGP-ISL-010	region001	908263	929175	HpGP-ISL-010_cluster_1	220884	225102	no
HpGP-ISR-003	region001	910100	931012	HpGP-ISR-003_cluster_1	1307270	1311682	no
HpGP-ISR-005	region001	968386	989298	HpGP-ISR-005_cluster_1	255864	260233	no
HpGP-ISR-006	region001	941775	962687	HpGP-ISR-006_cluster_1	220457	224833	no
HpGP-ISR-007	region001	956461	977373	HpGP-ISR-007_cluster_1	271752	275987	no
HpGP-ISR-008	region001	990908	1011820	HpGP-ISR-008_cluster_1	265047	269463	no
HpGP-ISR-009	region001	997268	1018180	HpGP-ISR-009_cluster_1	303897	308127	no
HpGP-ITA-003	region001	635795	656707	HpGP-ITA-003_cluster_1	905958	910386	no
HpGP-ITA-006	region001	387054	407966	HpGP-ITA-006_cluster_1	1075956	1080164	no
HpGP-ITA-007	region001	950975	971887	HpGP-ITA-007_cluster_1	215860	220231	no
HpGP-ITA-008	region001	943962	964874	HpGP-ITA-008_cluster_1	223513	227928	no
HpGP-ITA-009	region001	985664	1006576	HpGP-ITA-009_cluster_1	219216	224591	no
HpGP-ITA-010	region001	892039	912951	HpGP-ITA-010_cluster_1	221054	225465	no
HpGP-ITA-013	region001	907623	928535	HpGP-ITA-013_cluster_1	217482	221715	no
HpGP-ITA-016	region001	991483	1012395	HpGP-ITA-016_cluster_1	218021	222176	no
HpGP-ITA-018	region001	497365	518277	HpGP-ITA-018_cluster_1	220825	225237	no
HpGP-ITA-020	region001	916144	937056	HpGP-ITA-020_cluster_1	221237	225465	no
HpGP-ITA-022	region001	951968	972880	HpGP-ITA-022_cluster_1	220547	224968	no
HpGP-ITA-023	region001	1022330	1043242	HpGP-ITA-023_cluster_1	215765	219986	no
HpGP-ITA-028	region001	664366	685278	HpGP-ITA-028_cluster_1	223332	227704	no
HpGP-ITA-029	region001	949655	970567	HpGP-ITA-029_cluster_1	221660	226029	no
HpGP-JAP-002	region001	937040	957952	HpGP-JAP-002_cluster_1	240390	244584	no
HpGP-JAP-009	region001	998529	1019441	HpGP-JAP-009_cluster_1	283757	287945	no
HpGP-JAP-010	region001	334580	355492	HpGP-JAP-010_cluster_1	1060910	1065128	no
HpGP-JAP-013	region001	974160	995072	HpGP-JAP-013_cluster_1	259741	263931	no
HpGP-JAP-016	region001	414042	434954	HpGP-JAP-016_cluster_1	1140673	1145076	no
HpGP-JAP-017	region001	984092	1005004	HpGP-JAP-017_cluster_1	234950	239363	no
HpGP-JAP-019	region001	953757	974669	HpGP-JAP-019_cluster_2	242095	246529	no
HpGP-JAP-022	region001	951985	972897	HpGP-JAP-022_cluster_1	237292	241662	no
HpGP-JAP-028	region001	987016	1007928	HpGP-JAP-028_cluster_1	284482	288849	no
HpGP-JAP-029	region001	958073	978985	HpGP-JAP-029_cluster_2	244628	248818	no
HpGP-JAP-101	region001	951280	972192	HpGP-JAP-101_cluster_1	225978	230380	no
HpGP-JAP-103	region001	920799	941711	HpGP-JAP-103_cluster_1	242469	246690	no
HpGP-JAP-105	region001	640092	661004	HpGP-JAP-105_cluster_1	1331726	1336097	no
HpGP-JAP-106	region001	972693	993605	HpGP-JAP-106_cluster_1	254400	258802	no
HpGP-JAP-107	region001	959713	980625	HpGP-JAP-107_cluster_1	245960	250341	no
HpGP-JAP-108	region001	938026	958938	HpGP-JAP-108_cluster_1	149554	153884	no
HpGP-JAP-108	region001	938026	958938	HpGP-JAP-108_cluster_2	233279	237654	no
HpGP-JAP-109	region001	954377	975289	HpGP-JAP-109_cluster_1	240073	244443	no
HpGP-JAP-111	region001	945289	966201	HpGP-JAP-111_cluster_1	241411	244925	no
HpGP-JAP-112	region001	433692	454604	HpGP-JAP-112_cluster_1	231197	235390	no
HpGP-JAP-113	region001	988384	1009296	HpGP-JAP-113_cluster_1	240366	244737	no
HpGP-JAP-114	region001	950996	971908	HpGP-JAP-114_cluster_1	234746	239115	no
HpGP-JAP-115	region001	937754	958666	HpGP-JAP-115_cluster_1	223039	227412	no
HpGP-JOR-001	region001	991192	1012104	HpGP-JOR-001_cluster_1	261647	266015	no
HpGP-JOR-003	region001	1023920	1044832	HpGP-JOR-003_cluster_1	247051	251282	no
HpGP-JOR-004	region001	981739	1002651	HpGP-JOR-004_cluster_1	226591	230826	no
HpGP-JOR-005	region001	662485	683397	HpGP-JOR-005_cluster_1	220422	225157	no
HpGP-JOR-007	region001	962672	983584	HpGP-JOR-007_cluster_1	226967	231199	no
HpGP-JOR-008	region001	937936	958848	HpGP-JOR-008_cluster_1	1335460	1339881	no
HpGP-KAZ-002	region001	971406	992318	HpGP-KAZ-002_cluster_1	240045	244412	no
HpGP-KGZ-002	region001	996138	1017050	HpGP-KGZ-002_cluster_1	1180790	1185164	no
HpGP-KGZ-006	region001	907254	928166	HpGP-KGZ-006_cluster_1	190804	195178	no
HpGP-KGZ-009	region001	943586	964498	HpGP-KGZ-009_cluster_1	222023	226215	no
HpGP-KGZ-010	region001	964490	985402	HpGP-KGZ-010_cluster_1	226585	230960	no
HpGP-KOR-001	region001	1012990	1033902	HpGP-KOR-001_cluster_2	256764	261138	no
HpGP-KOR-002	region001	965896	986808	HpGP-KOR-002_cluster_1	251814	256181	no
HpGP-KOR-004	region001	949355	970267	HpGP-KOR-004_cluster_1	250669	255000	no
HpGP-KOR-005	region001	429881	450793	HpGP-KOR-005_cluster_1	1173988	1178179	no
HpGP-KOR-006	region001	930003	950915	HpGP-KOR-006_cluster_1	228513	232897	no
HpGP-KOR-008	region001	939721	960633	HpGP-KOR-008_cluster_1	236444	240634	no
HpGP-KOR-009	region001	944683	965595	HpGP-KOR-009_cluster_1	224832	229206	no
HpGP-KOR-010	region001	934815	955727	HpGP-KOR-010_cluster_1	232010	236201	no
HpGP-KOR-012	region001	959630	980542	HpGP-KOR-012_cluster_1	239480	243849	no
HpGP-KOR-013	region001	971394	992306	HpGP-KOR-013_cluster_1	254979	259347	no
HpGP-KOR-014	region001	419825	440737	HpGP-KOR-014_cluster_1	1146261	1150631	no
HpGP-KOR-016	region001	1042703	1063615	HpGP-KOR-016_cluster_1	327619	331808	no
HpGP-KOR-019	region001	953602	974514	HpGP-KOR-019_cluster_1	232476	236847	no
HpGP-KOR-020	region001	1025424	1046336	HpGP-KOR-020_cluster_1	238832	243202	no
HpGP-KOR-021	region001	952663	973575	HpGP-KOR-021_cluster_1	228043	232233	no
HpGP-KOR-022	region001	419950	440862	HpGP-KOR-022_cluster_1	1153556	1157745	no
HpGP-KOR-023	region001	958711	979623	HpGP-KOR-023_cluster_1	238059	242431	no
HpGP-KOR-024	region001	988158	1009070	HpGP-KOR-024_cluster_1	235018	239209	no
HpGP-KOR-025	region001	983456	1004368	HpGP-KOR-025_cluster_1	229808	234000	no
HpGP-KOR-027	region001	952955	973867	HpGP-KOR-027_cluster_1	245763	250129	no
HpGP-KOR-028	region001	951986	972898	HpGP-KOR-028_cluster_1	237674	241864	no
HpGP-KOR-029	region001	972839	993751	HpGP-KOR-029_cluster_1	229619	233808	no
HpGP-KOR-032	region001	647793	668705	HpGP-KOR-032_cluster_1	1422918	1427110	no
HpGP-KOR-034	region001	935939	956851	HpGP-KOR-034_cluster_1	228673	233039	no
HpGP-KOR-035	region001	949775	970687	HpGP-KOR-035_cluster_2	242604	246796	no
HpGP-KOR-036	region001	994059	1014971	HpGP-KOR-036_cluster_1	251036	255227	no
HpGP-KOR-037	region001	979842	1000754	HpGP-KOR-037_cluster_1	261740	265930	no
HpGP-KOR-041	region001	984445	1005357	HpGP-KOR-041_cluster_1	234122	238313	no
HpGP-KOR-042	region001	937839	958751	HpGP-KOR-042_cluster_1	236816	241204	no
HpGP-KOR-043	region001	944249	965161	HpGP-KOR-043_cluster_1	233612	237802	no
HpGP-KOR-044	region001	641632	662544	HpGP-KOR-044_cluster_1	1406862	1411233	no
HpGP-KOR-046	region001	943176	964088	HpGP-KOR-046_cluster_1	222524	226893	no
HpGP-KOR-047	region001	946064	966976	HpGP-KOR-047_cluster_1	235344	239534	no
HpGP-KOR-048	region001	948804	969716	HpGP-KOR-048_cluster_1	240754	244944	no
HpGP-KOR-049	region001	990247	1011159	HpGP-KOR-049_cluster_1	236838	241211	no
HpGP-KOR-050	region001	981720	1002632	HpGP-KOR-050_cluster_1	234757	239127	no
HpGP-KOR-052	region001	940340	961252	HpGP-KOR-052_cluster_1	235210	239580	no
HpGP-KOR-053	region001	945221	966133	HpGP-KOR-053_cluster_1	238967	243158	no
HpGP-KOR-101	region001	976692	997604	HpGP-KOR-101_cluster_1	231275	235646	no
HpGP-KOR-101	region001	976692	997604	HpGP-KOR-101_cluster_2	1403790	1407099	no
HpGP-KOR-105	region001	963530	984442	HpGP-KOR-105_cluster_1	257554	261742	no
HpGP-KOR-109	region001	456515	477427	HpGP-KOR-109_cluster_1	1192314	1196687	no
HpGP-KOR-110	region001	344400	365312	HpGP-KOR-110_cluster_1	1075120	1079490	no
HpGP-KOR-111	region001	952319	973231	HpGP-KOR-111_cluster_1	220895	225256	no
HpGP-KOR-112	region001	987834	1008746	HpGP-KOR-112_cluster_1	274588	278781	no
HpGP-KOR-114	region001	946466	967378	HpGP-KOR-114_cluster_1	235422	239613	no
HpGP-KOR-115	region001	943022	963934	HpGP-KOR-115_cluster_1	237479	241851	no
HpGP-KOR-116	region001	999779	1020691	HpGP-KOR-116_cluster_1	288114	292303	no
HpGP-KOR-117	region001	940360	961272	HpGP-KOR-117_cluster_1	236558	240889	no
HpGP-KOR-118	region001	995392	1016304	HpGP-KOR-118_cluster_1	285907	290098	no
HpGP-KOR-118	region001	995392	1016304	HpGP-KOR-118_cluster_2	609485	613392	no
HpGP-KOR-119	region001	968756	989668	HpGP-KOR-119_cluster_1	229979	234348	no
HpGP-KOR-119	region001	968756	989668	HpGP-KOR-119_cluster_2	553631	556185	no
HpGP-LAT-002	region001	957832	978744	HpGP-LAT-002_cluster_1	276606	280978	no
HpGP-LAT-004	region001	955848	976760	HpGP-LAT-004_cluster_1	228762	233209	no
HpGP-LAT-006	region001	936359	957271	HpGP-LAT-006_cluster_2	1235257	1237871	no
HpGP-LAT-012	region001	416001	436913	HpGP-LAT-012_cluster_1	1175008	1179425	no
HpGP-LAT-014	region001	1049661	1070573	HpGP-LAT-014_cluster_1	225081	229301	no
HpGP-LAT-015	region001	957059	977971	HpGP-LAT-015_cluster_1	216585	220958	no
HpGP-LAT-019	region001	962120	983032	HpGP-LAT-019_cluster_1	220768	225032	no
HpGP-LAT-021	region001	1016933	1037845	HpGP-LAT-021_cluster_1	216838	221250	no
HpGP-LAT-022	region001	1056137	1077049	HpGP-LAT-022_cluster_1	267152	271566	no
HpGP-LAT-023	region001	976804	997716	HpGP-LAT-023_cluster_1	256561	260931	no
HpGP-LAT-024	region001	401888	422800	HpGP-LAT-024_cluster_1	237622	241992	no
HpGP-LAT-025	region001	409657	430569	HpGP-LAT-025_cluster_1	244823	249240	no
HpGP-LAT-026	region001	949782	970694	HpGP-LAT-026_cluster_1	228094	232285	no
HpGP-LAT-027	region001	910387	931299	HpGP-LAT-027_cluster_1	189806	194455	no
HpGP-LAT-029	region001	997550	1018462	HpGP-LAT-029_cluster_1	224472	228845	no
HpGP-LIT-003	region001	971254	992166	HpGP-LIT-003_cluster_1	215139	219508	no
HpGP-LIT-007	region001	1020060	1040975	HpGP-LIT-007_cluster_1	188204	193461	no
HpGP-LIT-023	region001	956833	977745	HpGP-LIT-023_cluster_1	34722	43634	no
HpGP-LIT-023	region001	956833	977745	HpGP-LIT-023_cluster_2	219736	223780	no
HpGP-LIT-024	region001	969802	990714	HpGP-LIT-024_cluster_1	245743	249932	no
HpGP-LIT-026	region001	992634	1013546	HpGP-LIT-026_cluster_1	231597	235830	no
HpGP-LIT-028	region001	417722	438634	HpGP-LIT-028_cluster_1	1153880	1158110	no
HpGP-LIT-029	region001	942311	963223	HpGP-LIT-029_cluster_1	221134	225327	no
HpGP-LIT-030	region001	946108	967020	HpGP-LIT-030_cluster_2	215429	219800	no
HpGP-LIT-031	region001	965332	986244	HpGP-LIT-031_cluster_1	226589	230754	no
HpGP-LIT-032	region001	936568	957480	HpGP-LIT-032_cluster_1	221510	225877	no
HpGP-LIT-035	region001	936531	957443	HpGP-LIT-035_cluster_1	1116942	1121346	no
HpGP-LIT-041	region001	986793	1007705	HpGP-LIT-041_cluster_1	257372	261562	no
HpGP-MAL-002	region001	908443	929355	HpGP-MAL-002_cluster_1	187918	194364	no
HpGP-MAL-003	region001	952066	972978	HpGP-MAL-003_cluster_1	238969	243342	no
HpGP-MAL-005	region001	965851	986763	HpGP-MAL-005_cluster_1	236207	240609	no
HpGP-MAL-006	region001	380793	401705	HpGP-MAL-006_cluster_1	1150333	1154523	no
HpGP-MAL-008	region001	932591	953503	HpGP-MAL-008_cluster_1	222691	227348	no
HpGP-MAL-010	region001	1000266	1021178	HpGP-MAL-010_cluster_1	290131	294353	no
HpGP-MAL-012	region001	447242	468154	HpGP-MAL-012_cluster_1	1173556	1177745	no
HpGP-MAL-015	region001	990030	1010942	HpGP-MAL-015_cluster_1	233628	237998	no
HpGP-MAL-016	region001	987569	1008481	HpGP-MAL-016_cluster_1	241235	245458	no
HpGP-MAL-019	region001	915911	936822	HpGP-MAL-019_cluster_1	191585	195808	no
HpGP-MAL-020	region001	958474	979386	HpGP-MAL-020_cluster_2	244783	249153	no
HpGP-MAL-021	region001	1035037	1055949	HpGP-MAL-021_cluster_1	276762	280951	no
HpGP-MAL-023	region001	1300392	1321304	HpGP-MAL-023_cluster_2	594615	598989	no
HpGP-MAL-025	region001	969164	990076	HpGP-MAL-025_cluster_1	254669	259349	no
HpGP-MEX-001	region001	1009537	1030449	HpGP-MEX-001_cluster_1	224830	229251	no
HpGP-MEX-002	region001	981383	1002295	HpGP-MEX-002_cluster_1	221956	226373	no
HpGP-MEX-003	region001	231273	252196	HpGP-MEX-003_cluster_1	216649	221069	no
HpGP-MEX-003	region002	1015731	1036643	HpGP-MEX-003_cluster_1	216649	221069	no
HpGP-MEX-004	region001	968054	988966	HpGP-MEX-004_cluster_1	219253	223493	no
HpGP-MEX-006	region001	951116	972028	HpGP-MEX-006_cluster_1	220167	224407	no
HpGP-MEX-010	region001	968611	989523	HpGP-MEX-010_cluster_1	222012	226247	no
HpGP-MEX-012	region001	950660	971572	HpGP-MEX-012_cluster_1	218435	222671	no
HpGP-MEX-027	region001	1014702	1035614	HpGP-MEX-027_cluster_1	224480	228896	no
HpGP-MEX-028	region001	926322	947234	HpGP-MEX-028_cluster_1	167987	173227	no
HpGP-MEX-028	region001	926322	947234	HpGP-MEX-028_cluster_2	251221	255525	no
HpGP-MEX-032	region001	975396	996308	HpGP-MEX-032_cluster_1	237620	242032	no
HpGP-MEX-035	region001	980194	1001106	HpGP-MEX-035_cluster_1	221115	225353	no
HpGP-MEX-040	region001	994030	1014942	HpGP-MEX-040_cluster_1	222419	226655	no
HpGP-MEX-041	region001	962496	983408	HpGP-MEX-041_cluster_1	230214	234635	no
HpGP-MEX-044	region001	431572	452484	HpGP-MEX-044_cluster_1	222388	226751	no
HpGP-MEX-045	region001	1006428	1027340	HpGP-MEX-045_cluster_1	226276	230511	no
HpGP-MMR-001	region001	930821	951733	HpGP-MMR-001_cluster_1	215120	219341	no
HpGP-MMR-002	region001	601535	622447	HpGP-MMR-002_cluster_1	190788	194978	no
HpGP-MMR-003	region001	958679	979591	HpGP-MMR-003_cluster_1	239493	243866	no
HpGP-MMR-004	region001	898638	919550	HpGP-MMR-004_cluster_1	189400	193862	no
HpGP-MMR-005	region001	932752	953664	HpGP-MMR-005_cluster_1	219874	224066	no
HpGP-MMR-006	region001	933122	954034	HpGP-MMR-006_cluster_1	219037	223686	no
HpGP-MMR-011	region001	947108	968020	HpGP-MMR-011_cluster_1	235095	239471	no
HpGP-MMR-012	region001	909387	930299	HpGP-MMR-012_cluster_1	191043	195442	no
HpGP-NGA-006	region001	992563	1013475	HpGP-NGA-006_cluster_1	216929	221117	no
HpGP-NGA-010	region001	949579	970494	HpGP-NGA-010_cluster_1	212266	216678	no
HpGP-NGA-019	region001	670825	691737	HpGP-NGA-019_cluster_1	225198	229432	no
HpGP-NPL-003	region001	975908	996820	HpGP-NPL-003_cluster_1	191198	195421	no
HpGP-NPL-004	region001	1037899	1058811	HpGP-NPL-004_cluster_1	323003	327225	no
HpGP-NPL-005	region001	943991	964903	HpGP-NPL-005_cluster_1	215496	219872	no
HpGP-NPL-006	region001	944105	965017	HpGP-NPL-006_cluster_1	215499	219875	no
HpGP-NPL-007	region001	940909	961821	HpGP-NPL-007_cluster_1	217401	221592	no
HpGP-NPL-009	region001	972759	993671	HpGP-NPL-009_cluster_1	188437	192626	no
HpGP-NPL-010	region001	512234	533146	HpGP-NPL-010_cluster_1	217557	221824	no
HpGP-NPL-011	region001	960086	980998	HpGP-NPL-011_cluster_1	224407	228601	no
HpGP-NPL-013	region001	944230	965142	HpGP-NPL-013_cluster_1	195768	200171	no
HpGP-PER-011	region001	978944	999856	HpGP-PER-011_cluster_1	215420	219641	no
HpGP-PER-013	region001	983698	1004610	HpGP-PER-013_cluster_1	221151	225519	no
HpGP-PER-014	region001	976536	997448	HpGP-PER-014_cluster_1	224523	228943	no
HpGP-PER-016	region001	959111	980023	HpGP-PER-016_cluster_1	219529	223896	no
HpGP-PER-017	region001	1068841	1089753	HpGP-PER-017_cluster_1	221707	225944	no
HpGP-PER-018	region001	397432	418344	HpGP-PER-018_cluster_1	1131939	1136292	no
HpGP-PER-019	region001	924666	945578	HpGP-PER-019_cluster_1	219497	223802	no
HpGP-PER-020	region001	991005	1011917	HpGP-PER-020_cluster_1	221089	225322	no
HpGP-PER-021	region001	993959	1014871	HpGP-PER-021_cluster_1	253975	258209	no
HpGP-PER-101	region001	987583	1008495	HpGP-PER-101_cluster_1	221826	226067	no
HpGP-PER-102	region001	963868	984780	HpGP-PER-102_cluster_1	226795	231138	no
HpGP-PER-104	region001	1009040	1029952	HpGP-PER-104_cluster_1	222163	226396	no
HpGP-PER-105	region001	947553	968465	HpGP-PER-105_cluster_1	219358	223585	no
HpGP-PER-106	region001	944965	965877	HpGP-PER-106_cluster_1	222141	226507	no
HpGP-PER-108	region001	950774	971686	HpGP-PER-108_cluster_1	221689	226035	no
HpGP-PER-109	region001	960372	981164	HpGP-PER-109_cluster_1	222056	226423	no
HpGP-PER-110	region001	976106	997018	HpGP-PER-110_cluster_1	218851	223216	no
HpGP-PER-111	region001	919477	940389	HpGP-PER-111_cluster_1	215284	219688	no
HpGP-PER-111	region001	919477	940389	HpGP-PER-111_cluster_2	498436	506401	no
HpGP-PER-112	region001	944861	965773	HpGP-PER-112_cluster_1	227184	231901	no
HpGP-PER-113	region001	947919	968831	HpGP-PER-113_cluster_1	224456	228689	no
HpGP-PER-114	region001	951104	972016	HpGP-PER-114_cluster_1	224483	228902	no
HpGP-PER-117	region001	1007649	1028561	HpGP-PER-117_cluster_1	222418	226838	no
HpGP-PER-119	region001	952570	973482	HpGP-PER-119_cluster_1	224043	228282	no
HpGP-PER-121	region001	531503	552415	HpGP-PER-121_cluster_1	218545	222914	no
HpGP-PER-124	region001	944450	965362	HpGP-PER-124_cluster_1	221430	225851	no
HpGP-PER-130	region001	975739	996651	HpGP-PER-130_cluster_1	219472	223885	no
HpGP-PER-136	region001	993144	1014056	HpGP-PER-136_cluster_1	221004	225238	no
HpGP-PER-138	region001	1016750	1037662	HpGP-PER-138_cluster_1	217505	221874	no
HpGP-PER-140	region001	972873	993785	HpGP-PER-140_cluster_1	219745	224152	no
HpGP-POL-001	region001	962860	983772	HpGP-POL-001_cluster_1	244849	249263	no
HpGP-POL-002	region001	952883	973795	HpGP-POL-002_cluster_1	221437	225660	no
HpGP-POL-003	region001	912518	933430	HpGP-POL-003_cluster_1	219801	224218	no
HpGP-POL-007	region001	991996	1012908	HpGP-POL-007_cluster_1	224239	228608	no
HpGP-POL-105	region001	899683	920595	HpGP-POL-105_cluster_1	218166	222540	no
HpGP-POL-109	region001	976978	997890	HpGP-POL-109_cluster_1	259688	264058	no
HpGP-POR-001	region001	906319	927231	HpGP-POR-001_cluster_1	222329	226746	no
HpGP-POR-002	region001	417127	438039	HpGP-POR-002_cluster_1	220582	224815	no
HpGP-POR-005	region001	947006	967918	HpGP-POR-005_cluster_1	224208	228394	no
HpGP-POR-010	region001	1094616	1115528	HpGP-POR-010_cluster_1	272017	276249	no
HpGP-POR-012	region001	967939	988851	HpGP-POR-012_cluster_1	219784	224154	no
HpGP-POR-110	region001	231926	252838	HpGP-POR-110_cluster_1	977676	982088	no
HpGP-POR-112	region001	942259	963171	HpGP-POR-112_cluster_1	219439	223680	no
HpGP-POR-113	region001	985581	1006493	HpGP-POR-113_cluster_1	220355	224541	no
HpGP-POR-114	region001	952577	973489	HpGP-POR-114_cluster_1	223537	227955	no
HpGP-POR-115	region001	959202	980117	HpGP-POR-115_cluster_1	223784	228197	no
HpGP-PRI-002	region001	948739	969651	HpGP-PRI-002_cluster_1	133219	145782	no
HpGP-PRI-002	region001	948739	969651	HpGP-PRI-002_cluster_2	155603	156446	no
HpGP-PRI-005	region001	931862	952774	HpGP-PRI-005_cluster_1	229325	234045	no
HpGP-RUS-001	region001	1000419	1021331	HpGP-RUS-001_cluster_1	265148	269340	no
HpGP-RUS-003	region001	942671	963583	HpGP-RUS-003_cluster_1	221354	225728	no
HpGP-SGP-002	region001	342728	363640	HpGP-SGP-002_cluster_1	673655	681473	no
HpGP-SGP-002	region001	342728	363640	HpGP-SGP-002_cluster_2	1058770	1063142	no
HpGP-SGP-003	region001	1004767	1025679	HpGP-SGP-003_cluster_1	289451	293725	no
HpGP-SGP-004	region001	940738	961650	HpGP-SGP-004_cluster_1	242819	249050	no
HpGP-SGP-005	region001	1014562	1035474	HpGP-SGP-005_cluster_1	258801	262992	no
HpGP-SGP-006	region001	982636	1003548	HpGP-SGP-006_cluster_1	220520	225172	no
HpGP-SGP-008	region001	977552	998464	HpGP-SGP-008_cluster_1	238157	242526	no
HpGP-SGP-009	region001	1002723	1023635	HpGP-SGP-009_cluster_1	245054	249428	no
HpGP-SGP-012	region001	936115	957027	HpGP-SGP-012_cluster_1	235551	239956	no
HpGP-SGP-013	region001	938318	959230	HpGP-SGP-013_cluster_1	229536	233907	no
HpGP-SGP-014	region001	949863	970775	HpGP-SGP-014_cluster_1	241642	246043	no
HpGP-SGP-015	region001	1064681	1085593	HpGP-SGP-015_cluster_1	285963	290153	no
HpGP-SGP-018	region001	1355378	1376290	HpGP-SGP-018_cluster_1	232225	236597	no
HpGP-SGP-019	region001	967688	988600	HpGP-SGP-019_cluster_1	232444	236816	no
HpGP-SGP-024	region001	951724	972645	HpGP-SGP-024_cluster_1	242962	247367	no
HpGP-SGP-032	region001	1044855	1065767	HpGP-SGP-032_cluster_1	233046	237237	no
HpGP-SGP-036	region001	421134	442046	HpGP-SGP-036_cluster_1	1146352	1151005	no
HpGP-SGP-038	region001	514391	535303	HpGP-SGP-038_cluster_1	1237434	1241738	no
HpGP-SPA-002	region001	925800	946712	HpGP-SPA-002_cluster_1	245261	249496	no
HpGP-SPA-003	region001	916443	937355	HpGP-SPA-003_cluster_1	228288	232478	no
HpGP-SPA-004	region001	957834	978746	HpGP-SPA-004_cluster_1	225003	229236	no
HpGP-SPA-011	region001	640634	661546	HpGP-SPA-011_cluster_1	221585	225817	no
HpGP-SPA-013	region001	958516	979428	HpGP-SPA-013_cluster_1	227327	231558	no
HpGP-SPA-015	region001	948128	969040	HpGP-SPA-015_cluster_1	227471	231661	no
HpGP-SPA-016	region001	420819	441731	HpGP-SPA-016_cluster_1	221679	226095	no
HpGP-SPA-017	region001	895561	916473	HpGP-SPA-017_cluster_1	1294439	1298856	no
HpGP-SPA-019	region001	1002669	1023581	HpGP-SPA-019_cluster_1	239942	244353	no
HpGP-SPA-020	region001	243738	264650	HpGP-SPA-020_cluster_1	1038662	1042896	no
HpGP-SPA-103	region001	943952	964864	HpGP-SPA-103_cluster_1	1174862	1176122	no
HpGP-SPA-107	region001	896943	917855	HpGP-SPA-107_cluster_1	216329	220561	no
HpGP-SPA-201	region001	888474	909386	HpGP-SPA-201_cluster_1	1287392	1291805	no
HpGP-SPA-202	region001	728914	749826	HpGP-SPA-202_cluster_1	221709	225942	no
HpGP-SPA-204	region001	997780	1018692	HpGP-SPA-204_cluster_1	310315	314727	no
HpGP-SPA-206	region001	933861	954773	HpGP-SPA-206_cluster_1	250385	254800	no
HpGP-SPA-301	region001	463360	484272	HpGP-SPA-301_cluster_2	1276812	1281180	no
HpGP-SPA-303	region001	944384	965296	HpGP-SPA-303_cluster_1	221553	225787	no
HpGP-SPA-305	region001	483458	504370	HpGP-SPA-305_cluster_1	1283918	1288152	no
HpGP-SPA-309	region001	340651	361563	HpGP-SPA-309_cluster_1	54991	59438	no
HpGP-SPA-311	region001	951306	972218	HpGP-SPA-311_cluster_1	221859	226230	no
HpGP-SPA-312	region001	1003065	1023977	HpGP-SPA-312_cluster_1	225752	229943	no
HpGP-SPA-313	region001	960622	981534	HpGP-SPA-313_cluster_1	207644	220395	no
HpGP-SPA-314	region001	954435	975347	HpGP-SPA-314_cluster_1	224367	228781	no
HpGP-SPA-315	region001	945071	965983	HpGP-SPA-315_cluster_1	221707	226401	no
HpGP-SPA-317	region001	954369	975281	HpGP-SPA-317_cluster_1	226258	230673	no
HpGP-SPA-318	region001	954586	975498	HpGP-SPA-318_cluster_1	224315	228503	no
HpGP-SPA-319	region001	1027044	1047956	HpGP-SPA-319_cluster_1	243266	247680	no
HpGP-SPA-320	region001	1006684	1027596	HpGP-SPA-320_cluster_1	225747	229934	no
HpGP-SPA-321	region001	974485	995397	HpGP-SPA-321_cluster_1	245958	250193	no
HpGP-SPA-323	region001	948179	969091	HpGP-SPA-323_cluster_1	225462	229881	no
HpGP-SPA-325	region001	953896	974808	HpGP-SPA-325_cluster_1	220171	224404	no
HpGP-SPA-401	region001	997924	1018836	HpGP-SPA-401_cluster_1	309450	313869	no
HpGP-SPA-402	region001	988922	1009834	HpGP-SPA-402_cluster_1	226331	230565	no
HpGP-SPA-403	region001	959524	980436	HpGP-SPA-403_cluster_1	224926	229339	no
HpGP-SPA-405	region001	950171	971083	HpGP-SPA-405_cluster_1	218093	222457	no
HpGP-SPA-407	region001	979898	1000810	HpGP-SPA-407_cluster_1	263425	267664	no
HpGP-SPA-409	region001	965216	986128	HpGP-SPA-409_cluster_1	238637	243050	no
HpGP-SPA-414	region001	642510	663422	HpGP-SPA-414_cluster_1	222135	226369	no
HpGP-SPA-504	region001	946462	967374	HpGP-SPA-504_cluster_1	224827	229240	no
HpGP-SPA-507	region001	982374	1003286	HpGP-SPA-507_cluster_1	223554	227968	no
HpGP-SPA-509	region001	969379	990291	HpGP-SPA-509_cluster_1	228233	232643	no
HpGP-SPA-601	region001	479474	500386	HpGP-SPA-601_cluster_1	1273299	1277490	no
HpGP-SPA-607	region001	961817	982729	HpGP-SPA-607_cluster_1	264785	269200	no
HpGP-SPA-609	region001	946938	967850	HpGP-SPA-609_cluster_1	257541	261954	no
HpGP-SPA-611	region001	997867	1018779	HpGP-SPA-611_cluster_1	233411	237648	no
HpGP-SPA-706	region001	927019	947931	HpGP-SPA-706_cluster_1	219048	223417	no
HpGP-SPA-710	region001	923206	944118	HpGP-SPA-710_cluster_1	221851	226266	no
HpGP-SPA-801	region001	295113	316025	HpGP-SPA-801_cluster_1	1050199	1054433	no
HpGP-SPA-804	region001	948742	969654	HpGP-SPA-804_cluster_1	220399	224767	no
HpGP-SPA-807	region001	1014653	1035565	HpGP-SPA-807_cluster_1	258956	263613	no
HpGP-SWE-001	region001	912659	933571	HpGP-SWE-001_cluster_1	221423	225744	no
HpGP-SWE-003	region001	952581	973493	HpGP-SWE-003_cluster_1	223789	227832	no
HpGP-SWE-004	region001	952549	973461	HpGP-SWE-004_cluster_1	223781	227824	no
HpGP-SWE-006	region001	947463	968375	HpGP-SWE-006_cluster_1	252730	256964	no
HpGP-SWE-008	region001	963882	984794	HpGP-SWE-008_cluster_1	1155099	1160672	no
HpGP-SWE-010	region001	961498	982410	HpGP-SWE-010_cluster_1	236226	240596	no
HpGP-SWE-012	region001	975193	996105	HpGP-SWE-012_cluster_1	220241	224475	no
HpGP-SWE-017	region001	940254	961166	HpGP-SWE-017_cluster_1	226792	231164	no
HpGP-SWE-018	region001	948228	969140	HpGP-SWE-018_cluster_1	1139555	1143778	no
HpGP-SWE-019	region001	1063275	1084187	HpGP-SWE-019_cluster_1	222631	226857	no
HpGP-SWE-021	region001	921753	942665	HpGP-SWE-021_cluster_1	241626	245849	no
HpGP-SWE-022	region001	336704	357616	HpGP-SWE-022_cluster_1	235777	240144	no
HpGP-SWE-024	region001	950172	971084	HpGP-SWE-024_cluster_1	222359	226580	no
HpGP-SWE-027	region001	941970	962882	HpGP-SWE-027_cluster_1	225153	229525	no
HpGP-SWE-028	region001	936885	957797	HpGP-SWE-028_cluster_1	215522	219893	no
HpGP-SWE-030	region001	967152	988064	HpGP-SWE-030_cluster_1	226113	230304	no
HpGP-SWE-031	region001	1059496	1080408	HpGP-SWE-031_cluster_1	219969	224372	no
HpGP-SWE-032	region001	1014593	1035505	HpGP-SWE-032_cluster_1	283444	287634	no
HpGP-SWE-034	region001	1071364	1092276	HpGP-SWE-034_cluster_1	223823	228015	no
HpGP-SWE-036	region001	933520	954432	HpGP-SWE-036_cluster_1	1121633	1125708	no
HpGP-SWT-004	region001	939652	960564	HpGP-SWT-004_cluster_1	218448	222820	no
HpGP-SWT-005	region001	973852	994764	HpGP-SWT-005_cluster_1	220302	224490	no
HpGP-SWT-006	region001	960275	981187	HpGP-SWT-006_cluster_1	270814	275233	no
HpGP-SWT-007	region001	954723	975635	HpGP-SWT-007_cluster_1	219751	223944	no
HpGP-SWT-008	region001	938627	959539	HpGP-SWT-008_cluster_1	217268	221639	no
HpGP-SWT-011	region001	602545	623457	HpGP-SWT-011_cluster_1	215927	220072	no
HpGP-SWT-017	region001	944730	965642	HpGP-SWT-017_cluster_1	214013	218429	no
HpGP-TUR-002	region001	923742	944654	HpGP-TUR-002_cluster_1	223535	227906	no
HpGP-TUR-004	region001	996758	1017670	HpGP-TUR-004_cluster_1	221919	226291	no
HpGP-TUR-005	region001	923874	944786	HpGP-TUR-005_cluster_1	223545	227916	no
HpGP-TUR-008	region001	949022	969934	HpGP-TUR-008_cluster_1	223809	227998	no
HpGP-TUR-009	region001	652523	673435	HpGP-TUR-009_cluster_1	235373	239745	no
HpGP-TUR-023	region001	990465	1011377	HpGP-TUR-023_cluster_1	224992	229227	no
HpGP-TWN-001	region001	972350	993262	HpGP-TWN-001_cluster_1	231361	235701	no
HpGP-TWN-002	region001	923467	944379	HpGP-TWN-002_cluster_1	229867	234236	no
HpGP-TWN-003	region001	958842	979754	HpGP-TWN-003_cluster_1	247249	251620	no
HpGP-TWN-004	region001	953883	974795	HpGP-TWN-004_cluster_1	241661	246048	no
HpGP-TWN-005	region001	973414	994326	HpGP-TWN-005_cluster_1	231317	235509	no
HpGP-TWN-007	region001	997368	1018280	HpGP-TWN-007_cluster_1	287900	292089	no
HpGP-TWN-009	region001	952783	973695	HpGP-TWN-009_cluster_1	239378	243568	no
HpGP-TWN-010	region001	947761	968673	HpGP-TWN-010_cluster_1	237254	241621	no
HpGP-TWN-017	region001	943213	964125	HpGP-TWN-017_cluster_1	230252	234623	no
HpGP-TWN-018	region001	967142	988054	HpGP-TWN-018_cluster_1	267757	271948	no
HpGP-TWN-019	region001	955461	976373	HpGP-TWN-019_cluster_1	246261	250481	no
HpGP-TWN-020	region001	1010768	1031680	HpGP-TWN-020_cluster_1	284115	288489	no
HpGP-TWN-021	region001	951487	972399	HpGP-TWN-021_cluster_1	237190	241560	no
HpGP-TWN-022	region001	933571	954483	HpGP-TWN-022_cluster_1	225740	230112	no
HpGP-TWN-023	region001	937013	957925	HpGP-TWN-023_cluster_1	230740	235115	no
HpGP-TWN-024	region001	981328	1002240	HpGP-TWN-024_cluster_1	236220	240262	no
HpGP-TWN-026	region001	953401	974313	HpGP-TWN-026_cluster_2	243366	247743	no
HpGP-TWN-027	region001	466925	487837	HpGP-TWN-027_cluster_1	1196957	1201147	no
HpGP-TWN-029	region001	450656	471568	HpGP-TWN-029_cluster_1	1178503	1182693	no
HpGP-TWN-030	region001	950852	971764	HpGP-TWN-030_cluster_1	237883	242187	no
HpGP-USA-001	region001	953200	974112	HpGP-USA-001_cluster_1	219124	223356	no
HpGP-USA-002	region001	1016944	1037856	HpGP-USA-002_cluster_1	278201	282615	no
HpGP-USA-003	region001	958639	979551	HpGP-USA-003_cluster_1	229061	233488	no
HpGP-USA-011	region001	1015803	1036715	HpGP-USA-011_cluster_1	233076	237266	no
HpGP-USA-011	region001	1015803	1036715	HpGP-USA-011_cluster_2	1417283	1420096	no
HpGP-USA-101	region001	945809	966721	HpGP-USA-101_cluster_1	223336	227736	no
HpGP-USA-102	region001	948528	969440	HpGP-USA-102_cluster_1	219845	224261	no
HpGP-USA-104	region001	947858	968770	HpGP-USA-104_cluster_1	220996	225227	no
HpGP-USA-105	region001	959801	980713	HpGP-USA-105_cluster_1	222903	227139	no
HpGP-USA-202	region001	963024	983936	HpGP-USA-202_cluster_1	235010	239419	no
HpGP-USA-203	region001	996653	1017565	HpGP-USA-203_cluster_1	228729	233144	no
HpGP-USA-205	region001	409017	429929	HpGP-USA-205_cluster_1	1098249	1102614	no
HpGP-USA-206	region001	958814	979726	HpGP-USA-206_cluster_1	224762	229174	no
HpGP-USA-301	region001	946661	967573	HpGP-USA-301_cluster_1	218732	223143	no
HpGP-USA-302	region001	918879	939791	HpGP-USA-302_cluster_1	221300	225533	no
HpGP-USA-303	region001	946372	967284	HpGP-USA-303_cluster_1	240510	244738	no
HpGP-USA-304	region001	965202	986114	HpGP-USA-304_cluster_1	222040	226270	no
HpGP-USA-305	region001	943464	964376	HpGP-USA-305_cluster_1	222082	226497	no
HpGP-USA-306	region001	242360	263272	HpGP-USA-306_cluster_1	987953	992368	no
HpGP-USA-311	region001	976711	997623	HpGP-USA-311_cluster_1	222341	226577	no
HpGP-USA-403	region001	984606	1005518	HpGP-USA-403_cluster_1	250479	254715	no
HpGP-USA-406	region001	949910	970822	HpGP-USA-406_cluster_1	222975	227061	no
HpGP-USA-408	region001	976029	996941	HpGP-USA-408_cluster_1	219952	224068	no
HpGP-USA-409	region001	949555	970467	HpGP-USA-409_cluster_1	222244	226657	no
HpGP-USA-411	region001	922603	943515	HpGP-USA-411_cluster_1	226832	231246	no
HpGP-USA-412	region001	910478	931390	HpGP-USA-412_cluster_1	218576	222988	no
HpGP-USA-413	region001	945045	965957	HpGP-USA-413_cluster_1	221425	225614	no
HpGP-USA-415	region001	953908	974820	HpGP-USA-415_cluster_1	227858	232271	no
HpGP-USA-416	region001	1004900	1025812	HpGP-USA-416_cluster_1	253043	257279	no
HpGP-USA-418	region001	953808	974720	HpGP-USA-418_cluster_1	227593	231835	no
HpGP-USA-419	region001	961197	982109	HpGP-USA-419_cluster_1	224846	229080	no
HpGP-USA-421	region001	949879	970791	HpGP-USA-421_cluster_1	220604	225014	no
HpGP-USA-424	region001	950716	971628	HpGP-USA-424_cluster_1	220445	224687	no
HpGP-USA-425	region001	961703	982615	HpGP-USA-425_cluster_1	242426	246617	no
HpGP-USA-428	region001	951450	972362	HpGP-USA-428_cluster_1	225194	229424	no
HpGP-USA-429	region001	967178	988090	HpGP-USA-429_cluster_1	221724	226138	no
HpGP-USA-432	region001	946020	966932	HpGP-USA-432_cluster_1	217687	221922	no
HpGP-USA-434	region001	950963	971875	HpGP-USA-434_cluster_1	220207	224620	no
HpGP-USA-437	region001	944673	965585	HpGP-USA-437_cluster_1	220234	224736	no
HpGP-VNM-001	region001	974069	994981	HpGP-VNM-001_cluster_1	240132	244324	no
HpGP-VNM-002	region001	1015206	1036118	HpGP-VNM-002_cluster_1	236555	240825	no
HpGP-VNM-003	region001	983485	1004397	HpGP-VNM-003_cluster_1	226962	231332	no
HpGP-VNM-004	region001	958912	979824	HpGP-VNM-004_cluster_1	243989	248358	no
HpGP-VNM-005	region001	517114	538026	HpGP-VNM-005_cluster_1	227370	231745	no
HpGP-VNM-006	region001	521797	542709	HpGP-VNM-006_cluster_1	231765	236137	no
HpGP-VNM-008	region001	953887	974799	HpGP-VNM-008_cluster_1	244000	248192	no
HpGP-VNM-009	region001	427702	448614	HpGP-VNM-009_cluster_1	1195696	1199886	no
HpGP-ZAF-002	region001	206868	227780	HpGP-ZAF-002_cluster_1	948272	952511	no
HpGP-ZAF-006	region001	573530	594442	HpGP-ZAF-006_cluster_1	286277	290682	no
HpGP-ZAF-007	region001	956174	977086	HpGP-ZAF-007_cluster_1	271723	276137	no
HpGP-ZAF-009	region001	931639	952551	HpGP-ZAF-009_cluster_1	224923	229150	no
HpGP-ZAF-010	region001	965291	986203	HpGP-ZAF-010_cluster_1	225051	229278	no
HpGP-ZAF-010	region001	965291	986203	HpGP-ZAF-010_cluster_2	566864	576022	no
HpGP-ZAF-011	region001	974064	994976	HpGP-ZAF-011_cluster_1	222310	226543	no
