region_gbk	has_terpene_core_domain
/home/yanyun/Documents/project/output/antismash_clusters_gbk/HpGP-RUS-007.region001.gbk	False
/home/yanyun/Documents/project/output/antismash_clusters_gbk/HpGP-ITA-004.region001.gbk	False
/home/yanyun/Documents/project/output/antismash_clusters_gbk/HpGP-CHI-010.region001.gbk	False
/home/yanyun/Documents/project/output/antismash_clusters_gbk/HpGP-POL-104.region001.gbk	False
/home/yanyun/Documents/project/output/antismash_clusters_gbk/HpGP-TWN-009.region001.gbk	False
/home/yanyun/Documents/project/output/antismash_clusters_gbk/HpGP-TWN-002.region001.gbk	False
/home/yanyun/Documents/project/output/antismash_clusters_gbk/HpGP-PER-114.region001.gbk	False
/home/yanyun/Documents/project/output/antismash_clusters_gbk/HpGP-PER-110.region001.gbk	False
/home/yanyun/Documents/project/output/antismash_clusters_gbk/HpGP-SPA-101.region001.gbk	False
/home/yanyun/Documents/project/output/antismash_clusters_gbk/HpGP-LIT-004.region001.gbk	False
/home/yanyun/Documents/project/output/antismash_clusters_gbk/HpGP-GRE-003.region001.gbk	False
/home/yanyun/Documents/project/output/antismash_clusters_gbk/HpGP-BGR-010.region001.gbk	False
/home/yanyun/Documents/project/output/antismash_clusters_gbk/HpGP-HON-023.region001.gbk	False
/home/yanyun/Documents/project/output/antismash_clusters_gbk/HpGP-COL-122.region001.gbk	False
/home/yanyun/Documents/project/output/antismash_clusters_gbk/HpGP-MMR-002.region001.gbk	False
/home/yanyun/Documents/project/output/antismash_clusters_gbk/HpGP-MMR-007.region001.gbk	False
/home/yanyun/Documents/project/output/antismash_clusters_gbk/HpGP-SWE-016.region001.gbk	False
/home/yanyun/Documents/project/output/antismash_clusters_gbk/HpGP-USA-420.region001.gbk	False
/home/yanyun/Documents/project/output/antismash_clusters_gbk/HpGP-KOR-008.region001.gbk	False
/home/yanyun/Documents/project/output/antismash_clusters_gbk/HpGP-TUR-009.region001.gbk	False
/home/yanyun/Documents/project/output/antismash_clusters_gbk/HpGP-COL-203.region001.gbk	False
/home/yanyun/Documents/project/output/antismash_clusters_gbk/HpGP-HON-002.region001.gbk	False
/home/yanyun/Documents/project/output/antismash_clusters_gbk/HpGP-CAN-004.region001.gbk	False
/home/yanyun/Documents/project/output/antismash_clusters_gbk/HpGP-SGP-005.region001.gbk	False
/home/yanyun/Documents/project/output/antismash_clusters_gbk/HpGP-KOR-114.region001.gbk	False
/home/yanyun/Documents/project/output/antismash_clusters_gbk/HpGP-HON-025.region001.gbk	False
/home/yanyun/Documents/project/output/antismash_clusters_gbk/HpGP-SPA-509.region001.gbk	False
/home/yanyun/Documents/project/output/antismash_clusters_gbk/HpGP-USA-421.region001.gbk	False
/home/yanyun/Documents/project/output/antismash_clusters_gbk/HpGP-POR-007.region001.gbk	False
/home/yanyun/Documents/project/output/antismash_clusters_gbk/HpGP-LIT-041.region001.gbk	False
/home/yanyun/Documents/project/output/antismash_clusters_gbk/HpGP-SPA-201.region001.gbk	False
/home/yanyun/Documents/project/output/antismash_clusters_gbk/HpGP-POR-108.region001.gbk	False
/home/yanyun/Documents/project/output/antismash_clusters_gbk/HpGP-SPA-103.region001.gbk	False
/home/yanyun/Documents/project/output/antismash_clusters_gbk/HpGP-ITA-012.region001.gbk	False
/home/yanyun/Documents/project/output/antismash_clusters_gbk/HpGP-SPA-301.region001.gbk	False
/home/yanyun/Documents/project/output/antismash_clusters_gbk/HpGP-SWT-017.region001.gbk	False
/home/yanyun/Documents/project/output/antismash_clusters_gbk/HpGP-SPA-019.region001.gbk	False
/home/yanyun/Documents/project/output/antismash_clusters_gbk/HpGP-ITA-007.region001.gbk	False
/home/yanyun/Documents/project/output/antismash_clusters_gbk/HpGP-HON-026.region001.gbk	False
/home/yanyun/Documents/project/output/antismash_clusters_gbk/HpGP-ARG-009.region001.gbk	False
/home/yanyun/Documents/project/output/antismash_clusters_gbk/HpGP-SPA-316.region001.gbk	False
/home/yanyun/Documents/project/output/antismash_clusters_gbk/HpGP-POR-111.region001.gbk	False
/home/yanyun/Documents/project/output/antismash_clusters_gbk/HpGP-CHI-123.region001.gbk	False
/home/yanyun/Documents/project/output/antismash_clusters_gbk/HpGP-SGP-007.region001.gbk	False
/home/yanyun/Documents/project/output/antismash_clusters_gbk/HpGP-DOM-011.region001.gbk	False
/home/yanyun/Documents/project/output/antismash_clusters_gbk/HpGP-PER-111.region001.gbk	False
/home/yanyun/Documents/project/output/antismash_clusters_gbk/HpGP-USA-424.region001.gbk	False
/home/yanyun/Documents/project/output/antismash_clusters_gbk/HpGP-JAP-109.region001.gbk	False
/home/yanyun/Documents/project/output/antismash_clusters_gbk/HpGP-SPA-323.region001.gbk	False
/home/yanyun/Documents/project/output/antismash_clusters_gbk/HpGP-SPA-303.region001.gbk	False
/home/yanyun/Documents/project/output/antismash_clusters_gbk/HpGP-SPA-506.region001.gbk	False
/home/yanyun/Documents/project/output/antismash_clusters_gbk/HpGP-KOR-004.region001.gbk	False
/home/yanyun/Documents/project/output/antismash_clusters_gbk/HpGP-CHI-101.region001.gbk	False
/home/yanyun/Documents/project/output/antismash_clusters_gbk/HpGP-KOR-016.region001.gbk	False
/home/yanyun/Documents/project/output/antismash_clusters_gbk/HpGP-GER-019.region001.gbk	False
/home/yanyun/Documents/project/output/antismash_clusters_gbk/HpGP-JAP-022.region001.gbk	False
/home/yanyun/Documents/project/output/antismash_clusters_gbk/HpGP-IND-008.region001.gbk	False
/home/yanyun/Documents/project/output/antismash_clusters_gbk/HpGP-BGD-007.region001.gbk	False
/home/yanyun/Documents/project/output/antismash_clusters_gbk/HpGP-KOR-022.region001.gbk	False
/home/yanyun/Documents/project/output/antismash_clusters_gbk/HpGP-SPA-107.region001.gbk	False
/home/yanyun/Documents/project/output/antismash_clusters_gbk/HpGP-CAN-016.region001.gbk	False
/home/yanyun/Documents/project/output/antismash_clusters_gbk/HpGP-CAN-010.region001.gbk	False
/home/yanyun/Documents/project/output/antismash_clusters_gbk/HpGP-USA-101.region001.gbk	False
/home/yanyun/Documents/project/output/antismash_clusters_gbk/HpGP-FRA-021.region001.gbk	False
/home/yanyun/Documents/project/output/antismash_clusters_gbk/HpGP-TWN-005.region001.gbk	False
/home/yanyun/Documents/project/output/antismash_clusters_gbk/HpGP-KAZ-001.region001.gbk	False
/home/yanyun/Documents/project/output/antismash_clusters_gbk/HpGP-IDN-003.region001.gbk	False
/home/yanyun/Documents/project/output/antismash_clusters_gbk/HpGP-SPA-008.region001.gbk	False
/home/yanyun/Documents/project/output/antismash_clusters_gbk/HpGP-USA-011.region001.gbk	False
/home/yanyun/Documents/project/output/antismash_clusters_gbk/HpGP-PRI-007.region001.gbk	False
/home/yanyun/Documents/project/output/antismash_clusters_gbk/HpGP-TUR-003.region001.gbk	False
/home/yanyun/Documents/project/output/antismash_clusters_gbk/HpGP-LIT-028.region001.gbk	False
/home/yanyun/Documents/project/output/antismash_clusters_gbk/HpGP-HON-013.region001.gbk	False
/home/yanyun/Documents/project/output/antismash_clusters_gbk/HpGP-USA-205.region001.gbk	False
/home/yanyun/Documents/project/output/antismash_clusters_gbk/HpGP-PRI-006.region001.gbk	False
/home/yanyun/Documents/project/output/antismash_clusters_gbk/HpGP-KOR-020.region001.gbk	False
/home/yanyun/Documents/project/output/antismash_clusters_gbk/HpGP-POL-008.region001.gbk	False
/home/yanyun/Documents/project/output/antismash_clusters_gbk/HpGP-SWT-006.region001.gbk	False
/home/yanyun/Documents/project/output/antismash_clusters_gbk/HpGP-MMR-005.region001.gbk	False
/home/yanyun/Documents/project/output/antismash_clusters_gbk/HpGP-RUS-003.region001.gbk	False
/home/yanyun/Documents/project/output/antismash_clusters_gbk/HpGP-KGZ-004.region001.gbk	False
/home/yanyun/Documents/project/output/antismash_clusters_gbk/HpGP-PER-108.region001.gbk	False
/home/yanyun/Documents/project/output/antismash_clusters_gbk/HpGP-COL-105.region001.gbk	False
/home/yanyun/Documents/project/output/antismash_clusters_gbk/HpGP-USA-004.region001.gbk	False
/home/yanyun/Documents/project/output/antismash_clusters_gbk/HpGP-SPA-609.region001.gbk	False
/home/yanyun/Documents/project/output/antismash_clusters_gbk/HpGP-MEX-035.region001.gbk	False
/home/yanyun/Documents/project/output/antismash_clusters_gbk/HpGP-KOR-052.region001.gbk	False
/home/yanyun/Documents/project/output/antismash_clusters_gbk/HpGP-VNM-007.region001.gbk	False
/home/yanyun/Documents/project/output/antismash_clusters_gbk/HpGP-CHI-001.region001.gbk	False
/home/yanyun/Documents/project/output/antismash_clusters_gbk/HpGP-LAT-007.region001.gbk	False
/home/yanyun/Documents/project/output/antismash_clusters_gbk/HpGP-GER-009.region001.gbk	False
/home/yanyun/Documents/project/output/antismash_clusters_gbk/HpGP-SWT-015.region001.gbk	False
/home/yanyun/Documents/project/output/antismash_clusters_gbk/HpGP-POR-008.region001.gbk	False
/home/yanyun/Documents/project/output/antismash_clusters_gbk/HpGP-COL-302.region001.gbk	False
/home/yanyun/Documents/project/output/antismash_clusters_gbk/HpGP-MMR-008.region001.gbk	False
/home/yanyun/Documents/project/output/antismash_clusters_gbk/HpGP-USA-418.region001.gbk	False
/home/yanyun/Documents/project/output/antismash_clusters_gbk/HpGP-GMB-009.region001.gbk	False
/home/yanyun/Documents/project/output/antismash_clusters_gbk/HpGP-SPA-505.region001.gbk	False
/home/yanyun/Documents/project/output/antismash_clusters_gbk/HpGP-ITA-027.region001.gbk	False
/home/yanyun/Documents/project/output/antismash_clusters_gbk/HpGP-CHI-008.region001.gbk	False
/home/yanyun/Documents/project/output/antismash_clusters_gbk/HpGP-POR-015.region001.gbk	False
/home/yanyun/Documents/project/output/antismash_clusters_gbk/HpGP-KOR-034.region001.gbk	False
/home/yanyun/Documents/project/output/antismash_clusters_gbk/HpGP-POR-104.region001.gbk	False
/home/yanyun/Documents/project/output/antismash_clusters_gbk/HpGP-LIT-007.region001.gbk	False
/home/yanyun/Documents/project/output/antismash_clusters_gbk/HpGP-IND-005.region001.gbk	False
/home/yanyun/Documents/project/output/antismash_clusters_gbk/HpGP-COG-007.region001.gbk	False
/home/yanyun/Documents/project/output/antismash_clusters_gbk/HpGP-KOR-002.region001.gbk	False
/home/yanyun/Documents/project/output/antismash_clusters_gbk/HpGP-RUS-008.region001.gbk	False
/home/yanyun/Documents/project/output/antismash_clusters_gbk/HpGP-SPA-325.region001.gbk	False
/home/yanyun/Documents/project/output/antismash_clusters_gbk/HpGP-MAL-012.region001.gbk	False
/home/yanyun/Documents/project/output/antismash_clusters_gbk/HpGP-KGZ-005.region001.gbk	False
/home/yanyun/Documents/project/output/antismash_clusters_gbk/HpGP-SGP-019.region001.gbk	False
/home/yanyun/Documents/project/output/antismash_clusters_gbk/HpGP-PER-138.region001.gbk	False
/home/yanyun/Documents/project/output/antismash_clusters_gbk/HpGP-ISL-002.region001.gbk	False
/home/yanyun/Documents/project/output/antismash_clusters_gbk/HpGP-GTM-007.region001.gbk	False
/home/yanyun/Documents/project/output/antismash_clusters_gbk/HpGP-ISL-010.region001.gbk	False
/home/yanyun/Documents/project/output/antismash_clusters_gbk/HpGP-COL-310.region001.gbk	False
/home/yanyun/Documents/project/output/antismash_clusters_gbk/HpGP-SPA-111.region001.gbk	False
/home/yanyun/Documents/project/output/antismash_clusters_gbk/HpGP-COG-008.region001.gbk	False
/home/yanyun/Documents/project/output/antismash_clusters_gbk/HpGP-GRE-046.region001.gbk	False
/home/yanyun/Documents/project/output/antismash_clusters_gbk/HpGP-ALG-003.region001.gbk	False
/home/yanyun/Documents/project/output/antismash_clusters_gbk/HpGP-COL-112.region001.gbk	False
/home/yanyun/Documents/project/output/antismash_clusters_gbk/HpGP-BGR-003.region001.gbk	False
/home/yanyun/Documents/project/output/antismash_clusters_gbk/HpGP-TUR-008.region001.gbk	False
/home/yanyun/Documents/project/output/antismash_clusters_gbk/HpGP-LAT-033.region001.gbk	False
/home/yanyun/Documents/project/output/antismash_clusters_gbk/HpGP-USA-008.region001.gbk	False
/home/yanyun/Documents/project/output/antismash_clusters_gbk/HpGP-LAT-022.region001.gbk	False
/home/yanyun/Documents/project/output/antismash_clusters_gbk/HpGP-COG-002.region001.gbk	False
/home/yanyun/Documents/project/output/antismash_clusters_gbk/HpGP-SWE-032.region001.gbk	False
/home/yanyun/Documents/project/output/antismash_clusters_gbk/HpGP-TWN-010.region001.gbk	False
/home/yanyun/Documents/project/output/antismash_clusters_gbk/HpGP-KOR-013.region001.gbk	False
/home/yanyun/Documents/project/output/antismash_clusters_gbk/HpGP-CHI-117.region001.gbk	False
/home/yanyun/Documents/project/output/antismash_clusters_gbk/HpGP-PRI-002.region001.gbk	False
/home/yanyun/Documents/project/output/antismash_clusters_gbk/HpGP-JOR-002.region001.gbk	False
/home/yanyun/Documents/project/output/antismash_clusters_gbk/HpGP-GER-013.region001.gbk	False
/home/yanyun/Documents/project/output/antismash_clusters_gbk/HpGP-SPA-322.region001.gbk	False
/home/yanyun/Documents/project/output/antismash_clusters_gbk/HpGP-MMR-011.region001.gbk	False
/home/yanyun/Documents/project/output/antismash_clusters_gbk/HpGP-USA-414.region001.gbk	False
/home/yanyun/Documents/project/output/antismash_clusters_gbk/HpGP-POR-002.region001.gbk	False
/home/yanyun/Documents/project/output/antismash_clusters_gbk/HpGP-SWE-033.region001.gbk	False
/home/yanyun/Documents/project/output/antismash_clusters_gbk/HpGP-SPA-504.region001.gbk	False
/home/yanyun/Documents/project/output/antismash_clusters_gbk/HpGP-SWE-017.region001.gbk	False
/home/yanyun/Documents/project/output/antismash_clusters_gbk/HpGP-GRE-039.region001.gbk	False
/home/yanyun/Documents/project/output/antismash_clusters_gbk/HpGP-NPL-005.region001.gbk	False
/home/yanyun/Documents/project/output/antismash_clusters_gbk/HpGP-DOM-002.region001.gbk	False
/home/yanyun/Documents/project/output/antismash_clusters_gbk/HpGP-MAL-002.region001.gbk	False
/home/yanyun/Documents/project/output/antismash_clusters_gbk/HpGP-NPL-008.region001.gbk	False
/home/yanyun/Documents/project/output/antismash_clusters_gbk/HpGP-SPA-508.region001.gbk	False
/home/yanyun/Documents/project/output/antismash_clusters_gbk/HpGP-ISL-008.region001.gbk	False
/home/yanyun/Documents/project/output/antismash_clusters_gbk/HpGP-HON-019.region001.gbk	False
/home/yanyun/Documents/project/output/antismash_clusters_gbk/HpGP-JAP-019.region001.gbk	False
/home/yanyun/Documents/project/output/antismash_clusters_gbk/HpGP-BRA-013.region001.gbk	False
/home/yanyun/Documents/project/output/antismash_clusters_gbk/HpGP-SPA-005.region001.gbk	False
/home/yanyun/Documents/project/output/antismash_clusters_gbk/HpGP-JOR-006.region001.gbk	False
/home/yanyun/Documents/project/output/antismash_clusters_gbk/HpGP-SPA-306.region001.gbk	False
/home/yanyun/Documents/project/output/antismash_clusters_gbk/HpGP-BGD-010.region001.gbk	False
/home/yanyun/Documents/project/output/antismash_clusters_gbk/HpGP-TWN-003.region001.gbk	False
/home/yanyun/Documents/project/output/antismash_clusters_gbk/HpGP-SWE-028.region001.gbk	False
/home/yanyun/Documents/project/output/antismash_clusters_gbk/HpGP-JAP-102.region001.gbk	False
/home/yanyun/Documents/project/output/antismash_clusters_gbk/HpGP-MEX-003.region001.gbk	False
/home/yanyun/Documents/project/output/antismash_clusters_gbk/HpGP-COG-011.region001.gbk	False
/home/yanyun/Documents/project/output/antismash_clusters_gbk/HpGP-GRE-005.region001.gbk	False
/home/yanyun/Documents/project/output/antismash_clusters_gbk/HpGP-FRA-017.region001.gbk	False
/home/yanyun/Documents/project/output/antismash_clusters_gbk/HpGP-IND-004.region001.gbk	False
/home/yanyun/Documents/project/output/antismash_clusters_gbk/HpGP-MMR-003.region001.gbk	False
/home/yanyun/Documents/project/output/antismash_clusters_gbk/HpGP-IND-003.region001.gbk	False
/home/yanyun/Documents/project/output/antismash_clusters_gbk/HpGP-USA-203.region001.gbk	False
/home/yanyun/Documents/project/output/antismash_clusters_gbk/HpGP-GRE-008.region001.gbk	False
/home/yanyun/Documents/project/output/antismash_clusters_gbk/HpGP-NPL-013.region001.gbk	False
/home/yanyun/Documents/project/output/antismash_clusters_gbk/HpGP-GRE-018.region001.gbk	False
/home/yanyun/Documents/project/output/antismash_clusters_gbk/HpGP-FRA-014.region001.gbk	False
/home/yanyun/Documents/project/output/antismash_clusters_gbk/HpGP-CHI-028.region001.gbk	False
/home/yanyun/Documents/project/output/antismash_clusters_gbk/HpGP-KOR-036.region001.gbk	False
/home/yanyun/Documents/project/output/antismash_clusters_gbk/HpGP-USA-433.region001.gbk	False
/home/yanyun/Documents/project/output/antismash_clusters_gbk/HpGP-RUS-004.region001.gbk	False
/home/yanyun/Documents/project/output/antismash_clusters_gbk/HpGP-USA-009.region001.gbk	False
/home/yanyun/Documents/project/output/antismash_clusters_gbk/HpGP-SPA-606.region001.gbk	False
/home/yanyun/Documents/project/output/antismash_clusters_gbk/HpGP-CHI-024.region001.gbk	False
/home/yanyun/Documents/project/output/antismash_clusters_gbk/HpGP-JAP-111.region001.gbk	False
/home/yanyun/Documents/project/output/antismash_clusters_gbk/HpGP-FRA-002.region001.gbk	False
/home/yanyun/Documents/project/output/antismash_clusters_gbk/HpGP-KOR-028.region001.gbk	False
/home/yanyun/Documents/project/output/antismash_clusters_gbk/HpGP-KOR-115.region001.gbk	False
/home/yanyun/Documents/project/output/antismash_clusters_gbk/HpGP-JAP-021.region001.gbk	False
/home/yanyun/Documents/project/output/antismash_clusters_gbk/HpGP-HON-018.region001.gbk	False
/home/yanyun/Documents/project/output/antismash_clusters_gbk/HpGP-USA-410.region001.gbk	False
/home/yanyun/Documents/project/output/antismash_clusters_gbk/HpGP-TUR-021.region001.gbk	False
/home/yanyun/Documents/project/output/antismash_clusters_gbk/HpGP-USA-407.region001.gbk	False
/home/yanyun/Documents/project/output/antismash_clusters_gbk/HpGP-BRA-020.region001.gbk	False
/home/yanyun/Documents/project/output/antismash_clusters_gbk/HpGP-TWN-023.region001.gbk	False
/home/yanyun/Documents/project/output/antismash_clusters_gbk/HpGP-SPA-104.region001.gbk	False
/home/yanyun/Documents/project/output/antismash_clusters_gbk/HpGP-CRI-005.region001.gbk	False
/home/yanyun/Documents/project/output/antismash_clusters_gbk/HpGP-TWN-029.region001.gbk	False
/home/yanyun/Documents/project/output/antismash_clusters_gbk/HpGP-FRA-001.region001.gbk	False
/home/yanyun/Documents/project/output/antismash_clusters_gbk/HpGP-TUR-022.region001.gbk	False
/home/yanyun/Documents/project/output/antismash_clusters_gbk/HpGP-POL-007.region001.gbk	False
/home/yanyun/Documents/project/output/antismash_clusters_gbk/HpGP-SGP-008.region001.gbk	False
/home/yanyun/Documents/project/output/antismash_clusters_gbk/HpGP-SWE-014.region001.gbk	False
/home/yanyun/Documents/project/output/antismash_clusters_gbk/HpGP-CHI-023.region001.gbk	False
/home/yanyun/Documents/project/output/antismash_clusters_gbk/HpGP-USA-206.region001.gbk	False
/home/yanyun/Documents/project/output/antismash_clusters_gbk/HpGP-COL-201.region001.gbk	False
/home/yanyun/Documents/project/output/antismash_clusters_gbk/HpGP-PER-101.region001.gbk	False
/home/yanyun/Documents/project/output/antismash_clusters_gbk/HpGP-MMR-012.region001.gbk	False
/home/yanyun/Documents/project/output/antismash_clusters_gbk/HpGP-LAT-034.region001.gbk	False
/home/yanyun/Documents/project/output/antismash_clusters_gbk/HpGP-SPA-307.region001.gbk	False
/home/yanyun/Documents/project/output/antismash_clusters_gbk/HpGP-USA-401.region001.gbk	False
/home/yanyun/Documents/project/output/antismash_clusters_gbk/HpGP-BGD-002.region001.gbk	False
/home/yanyun/Documents/project/output/antismash_clusters_gbk/HpGP-SPA-702.region001.gbk	False
/home/yanyun/Documents/project/output/antismash_clusters_gbk/HpGP-TWN-004.region001.gbk	False
/home/yanyun/Documents/project/output/antismash_clusters_gbk/HpGP-NGA-019.region001.gbk	False
/home/yanyun/Documents/project/output/antismash_clusters_gbk/HpGP-SPA-604.region001.gbk	False
/home/yanyun/Documents/project/output/antismash_clusters_gbk/HpGP-JAP-101.region001.gbk	False
/home/yanyun/Documents/project/output/antismash_clusters_gbk/HpGP-ITA-019.region001.gbk	False
/home/yanyun/Documents/project/output/antismash_clusters_gbk/HpGP-SWT-008.region001.gbk	False
/home/yanyun/Documents/project/output/antismash_clusters_gbk/HpGP-PER-016.region001.gbk	False
/home/yanyun/Documents/project/output/antismash_clusters_gbk/HpGP-SWT-004.region001.gbk	False
/home/yanyun/Documents/project/output/antismash_clusters_gbk/HpGP-FRA-012.region001.gbk	False
/home/yanyun/Documents/project/output/antismash_clusters_gbk/HpGP-BGR-005.region001.gbk	False
/home/yanyun/Documents/project/output/antismash_clusters_gbk/HpGP-LAT-031.region001.gbk	False
/home/yanyun/Documents/project/output/antismash_clusters_gbk/HpGP-MEX-023.region001.gbk	False
/home/yanyun/Documents/project/output/antismash_clusters_gbk/HpGP-USA-306.region001.gbk	False
/home/yanyun/Documents/project/output/antismash_clusters_gbk/HpGP-KOR-014.region001.gbk	False
/home/yanyun/Documents/project/output/antismash_clusters_gbk/HpGP-SWE-003.region001.gbk	False
/home/yanyun/Documents/project/output/antismash_clusters_gbk/HpGP-LIT-001.region001.gbk	False
/home/yanyun/Documents/project/output/antismash_clusters_gbk/HpGP-SPA-406.region001.gbk	False
/home/yanyun/Documents/project/output/antismash_clusters_gbk/HpGP-BGD-006.region001.gbk	False
/home/yanyun/Documents/project/output/antismash_clusters_gbk/HpGP-JAP-105.region001.gbk	False
/home/yanyun/Documents/project/output/antismash_clusters_gbk/HpGP-GER-003.region001.gbk	False
/home/yanyun/Documents/project/output/antismash_clusters_gbk/HpGP-GRE-001.region001.gbk	False
/home/yanyun/Documents/project/output/antismash_clusters_gbk/HpGP-GER-012.region001.gbk	False
/home/yanyun/Documents/project/output/antismash_clusters_gbk/HpGP-RUS-011.region001.gbk	False
/home/yanyun/Documents/project/output/antismash_clusters_gbk/HpGP-PRI-005.region001.gbk	False
/home/yanyun/Documents/project/output/antismash_clusters_gbk/HpGP-BRA-006.region001.gbk	False
/home/yanyun/Documents/project/output/antismash_clusters_gbk/HpGP-POR-113.region001.gbk	False
/home/yanyun/Documents/project/output/antismash_clusters_gbk/HpGP-ISR-004.region001.gbk	False
/home/yanyun/Documents/project/output/antismash_clusters_gbk/HpGP-SWE-022.region001.gbk	False
/home/yanyun/Documents/project/output/antismash_clusters_gbk/HpGP-BRA-022.region001.gbk	False
/home/yanyun/Documents/project/output/antismash_clusters_gbk/HpGP-USA-207.region001.gbk	False
/home/yanyun/Documents/project/output/antismash_clusters_gbk/HpGP-LAT-030.region001.gbk	False
/home/yanyun/Documents/project/output/antismash_clusters_gbk/HpGP-ISL-006.region001.gbk	False
/home/yanyun/Documents/project/output/antismash_clusters_gbk/HpGP-ITA-017.region001.gbk	False
/home/yanyun/Documents/project/output/antismash_clusters_gbk/HpGP-SWT-011.region001.gbk	False
/home/yanyun/Documents/project/output/antismash_clusters_gbk/HpGP-BGD-009.region001.gbk	False
/home/yanyun/Documents/project/output/antismash_clusters_gbk/HpGP-GTM-010.region001.gbk	False
/home/yanyun/Documents/project/output/antismash_clusters_gbk/HpGP-LIT-031.region001.gbk	False
/home/yanyun/Documents/project/output/antismash_clusters_gbk/HpGP-ISR-001.region001.gbk	False
/home/yanyun/Documents/project/output/antismash_clusters_gbk/HpGP-ARG-008.region001.gbk	False
/home/yanyun/Documents/project/output/antismash_clusters_gbk/HpGP-TUR-006.region001.gbk	False
/home/yanyun/Documents/project/output/antismash_clusters_gbk/HpGP-BRA-012.region001.gbk	False
/home/yanyun/Documents/project/output/antismash_clusters_gbk/HpGP-COL-205.region001.gbk	False
/home/yanyun/Documents/project/output/antismash_clusters_gbk/HpGP-SPA-807.region001.gbk	False
/home/yanyun/Documents/project/output/antismash_clusters_gbk/HpGP-SPA-701.region001.gbk	False
/home/yanyun/Documents/project/output/antismash_clusters_gbk/HpGP-SPA-310.region001.gbk	False
/home/yanyun/Documents/project/output/antismash_clusters_gbk/HpGP-PER-104.region001.gbk	False
/home/yanyun/Documents/project/output/antismash_clusters_gbk/HpGP-JAP-110.region001.gbk	False
/home/yanyun/Documents/project/output/antismash_clusters_gbk/HpGP-ISR-005.region001.gbk	False
/home/yanyun/Documents/project/output/antismash_clusters_gbk/HpGP-COG-009.region001.gbk	False
/home/yanyun/Documents/project/output/antismash_clusters_gbk/HpGP-USA-202.region001.gbk	False
/home/yanyun/Documents/project/output/antismash_clusters_gbk/HpGP-CHI-127.region001.gbk	False
/home/yanyun/Documents/project/output/antismash_clusters_gbk/HpGP-26695-ATCC.region001.gbk	False
/home/yanyun/Documents/project/output/antismash_clusters_gbk/HpGP-TUR-017.region001.gbk	False
/home/yanyun/Documents/project/output/antismash_clusters_gbk/HpGP-GRE-012.region001.gbk	False
/home/yanyun/Documents/project/output/antismash_clusters_gbk/HpGP-BGD-001.region001.gbk	False
/home/yanyun/Documents/project/output/antismash_clusters_gbk/HpGP-LIT-006.region001.gbk	False
/home/yanyun/Documents/project/output/antismash_clusters_gbk/HpGP-SPA-305.region001.gbk	False
/home/yanyun/Documents/project/output/antismash_clusters_gbk/HpGP-ALG-007.region001.gbk	False
/home/yanyun/Documents/project/output/antismash_clusters_gbk/HpGP-SGP-024.region001.gbk	False
/home/yanyun/Documents/project/output/antismash_clusters_gbk/HpGP-KGZ-002.region001.gbk	False
/home/yanyun/Documents/project/output/antismash_clusters_gbk/HpGP-GER-002.region001.gbk	False
/home/yanyun/Documents/project/output/antismash_clusters_gbk/HpGP-SGP-009.region001.gbk	False
/home/yanyun/Documents/project/output/antismash_clusters_gbk/HpGP-HON-006.region001.gbk	False
/home/yanyun/Documents/project/output/antismash_clusters_gbk/HpGP-KOR-006.region001.gbk	False
/home/yanyun/Documents/project/output/antismash_clusters_gbk/HpGP-KOR-049.region001.gbk	False
/home/yanyun/Documents/project/output/antismash_clusters_gbk/HpGP-KOR-050.region001.gbk	False
/home/yanyun/Documents/project/output/antismash_clusters_gbk/HpGP-COL-004.region001.gbk	False
/home/yanyun/Documents/project/output/antismash_clusters_gbk/HpGP-GER-004.region001.gbk	False
/home/yanyun/Documents/project/output/antismash_clusters_gbk/HpGP-CHI-114.region001.gbk	False
/home/yanyun/Documents/project/output/antismash_clusters_gbk/HpGP-MEX-008.region001.gbk	False
/home/yanyun/Documents/project/output/antismash_clusters_gbk/HpGP-LIT-029.region001.gbk	False
/home/yanyun/Documents/project/output/antismash_clusters_gbk/HpGP-SPA-205.region001.gbk	False
/home/yanyun/Documents/project/output/antismash_clusters_gbk/HpGP-SGP-018.region001.gbk	False
/home/yanyun/Documents/project/output/antismash_clusters_gbk/HpGP-CAN-006.region001.gbk	False
/home/yanyun/Documents/project/output/antismash_clusters_gbk/HpGP-COL-006.region001.gbk	False
/home/yanyun/Documents/project/output/antismash_clusters_gbk/HpGP-FRA-005.region001.gbk	False
/home/yanyun/Documents/project/output/antismash_clusters_gbk/HpGP-COL-106.region001.gbk	False
/home/yanyun/Documents/project/output/antismash_clusters_gbk/HpGP-SWT-014.region001.gbk	False
/home/yanyun/Documents/project/output/antismash_clusters_gbk/HpGP-IND-010.region001.gbk	False
/home/yanyun/Documents/project/output/antismash_clusters_gbk/HpGP-LAT-009.region001.gbk	False
/home/yanyun/Documents/project/output/antismash_clusters_gbk/HpGP-ITA-005.region001.gbk	False
/home/yanyun/Documents/project/output/antismash_clusters_gbk/HpGP-COL-207.region001.gbk	False
/home/yanyun/Documents/project/output/antismash_clusters_gbk/HpGP-GER-001.region001.gbk	False
/home/yanyun/Documents/project/output/antismash_clusters_gbk/HpGP-VNM-002.region001.gbk	False
/home/yanyun/Documents/project/output/antismash_clusters_gbk/HpGP-KOR-041.region001.gbk	False
/home/yanyun/Documents/project/output/antismash_clusters_gbk/HpGP-ITA-016.region001.gbk	False
/home/yanyun/Documents/project/output/antismash_clusters_gbk/HpGP-VNM-004.region001.gbk	False
/home/yanyun/Documents/project/output/antismash_clusters_gbk/HpGP-USA-001.region001.gbk	False
/home/yanyun/Documents/project/output/antismash_clusters_gbk/HpGP-LAT-024.region001.gbk	False
/home/yanyun/Documents/project/output/antismash_clusters_gbk/HpGP-DOM-004.region001.gbk	False
/home/yanyun/Documents/project/output/antismash_clusters_gbk/HpGP-BRA-007.region001.gbk	False
/home/yanyun/Documents/project/output/antismash_clusters_gbk/HpGP-USA-412.region001.gbk	False
/home/yanyun/Documents/project/output/antismash_clusters_gbk/HpGP-LAT-028.region001.gbk	False
/home/yanyun/Documents/project/output/antismash_clusters_gbk/HpGP-POL-001.region001.gbk	False
/home/yanyun/Documents/project/output/antismash_clusters_gbk/HpGP-LAT-003.region001.gbk	False
/home/yanyun/Documents/project/output/antismash_clusters_gbk/HpGP-MAL-004.region001.gbk	False
/home/yanyun/Documents/project/output/antismash_clusters_gbk/HpGP-SPA-703.region001.gbk	False
/home/yanyun/Documents/project/output/antismash_clusters_gbk/HpGP-USA-425.region001.gbk	False
/home/yanyun/Documents/project/output/antismash_clusters_gbk/HpGP-USA-427.region001.gbk	False
/home/yanyun/Documents/project/output/antismash_clusters_gbk/HpGP-SPA-404.region001.gbk	False
/home/yanyun/Documents/project/output/antismash_clusters_gbk/HpGP-CHN-005.region001.gbk	False
/home/yanyun/Documents/project/output/antismash_clusters_gbk/HpGP-CAN-007.region001.gbk	False
/home/yanyun/Documents/project/output/antismash_clusters_gbk/HpGP-USA-436.region001.gbk	False
/home/yanyun/Documents/project/output/antismash_clusters_gbk/HpGP-CHI-004.region001.gbk	False
/home/yanyun/Documents/project/output/antismash_clusters_gbk/HpGP-LAT-006.region001.gbk	False
/home/yanyun/Documents/project/output/antismash_clusters_gbk/HpGP-PER-013.region001.gbk	False
/home/yanyun/Documents/project/output/antismash_clusters_gbk/HpGP-DOM-006.region001.gbk	False
/home/yanyun/Documents/project/output/antismash_clusters_gbk/HpGP-JAP-113.region001.gbk	False
/home/yanyun/Documents/project/output/antismash_clusters_gbk/HpGP-DOM-007.region001.gbk	False
/home/yanyun/Documents/project/output/antismash_clusters_gbk/HpGP-SWE-015.region001.gbk	False
/home/yanyun/Documents/project/output/antismash_clusters_gbk/HpGP-ALG-006.region001.gbk	False
/home/yanyun/Documents/project/output/antismash_clusters_gbk/HpGP-CHI-110.region001.gbk	False
/home/yanyun/Documents/project/output/antismash_clusters_gbk/HpGP-USA-409.region001.gbk	False
/home/yanyun/Documents/project/output/antismash_clusters_gbk/HpGP-PER-018.region001.gbk	False
/home/yanyun/Documents/project/output/antismash_clusters_gbk/HpGP-TUR-010.region001.gbk	False
/home/yanyun/Documents/project/output/antismash_clusters_gbk/HpGP-POL-005.region001.gbk	False
/home/yanyun/Documents/project/output/antismash_clusters_gbk/HpGP-GER-020.region001.gbk	False
/home/yanyun/Documents/project/output/antismash_clusters_gbk/HpGP-USA-304.region001.gbk	False
/home/yanyun/Documents/project/output/antismash_clusters_gbk/HpGP-SWE-012.region001.gbk	False
/home/yanyun/Documents/project/output/antismash_clusters_gbk/HpGP-BGR-006.region001.gbk	False
/home/yanyun/Documents/project/output/antismash_clusters_gbk/HpGP-SGP-036.region001.gbk	False
/home/yanyun/Documents/project/output/antismash_clusters_gbk/HpGP-ITA-006.region001.gbk	False
/home/yanyun/Documents/project/output/antismash_clusters_gbk/HpGP-PER-103.region001.gbk	False
/home/yanyun/Documents/project/output/antismash_clusters_gbk/HpGP-FRA-016.region001.gbk	False
/home/yanyun/Documents/project/output/antismash_clusters_gbk/HpGP-JAP-106.region001.gbk	False
/home/yanyun/Documents/project/output/antismash_clusters_gbk/HpGP-USA-005.region001.gbk	False
/home/yanyun/Documents/project/output/antismash_clusters_gbk/HpGP-TUR-016.region001.gbk	False
/home/yanyun/Documents/project/output/antismash_clusters_gbk/HpGP-CHI-105.region001.gbk	False
/home/yanyun/Documents/project/output/antismash_clusters_gbk/HpGP-POR-010.region001.gbk	False
/home/yanyun/Documents/project/output/antismash_clusters_gbk/HpGP-USA-303.region001.gbk	False
/home/yanyun/Documents/project/output/antismash_clusters_gbk/HpGP-SWT-010.region001.gbk	False
/home/yanyun/Documents/project/output/antismash_clusters_gbk/HpGP-ITA-008.region001.gbk	False
/home/yanyun/Documents/project/output/antismash_clusters_gbk/HpGP-SWT-012.region001.gbk	False
/home/yanyun/Documents/project/output/antismash_clusters_gbk/HpGP-GRE-002.region001.gbk	False
/home/yanyun/Documents/project/output/antismash_clusters_gbk/HpGP-CRI-008.region001.gbk	False
/home/yanyun/Documents/project/output/antismash_clusters_gbk/HpGP-USA-208.region001.gbk	False
/home/yanyun/Documents/project/output/antismash_clusters_gbk/HpGP-IND-002.region001.gbk	False
/home/yanyun/Documents/project/output/antismash_clusters_gbk/HpGP-LIT-020.region001.gbk	False
/home/yanyun/Documents/project/output/antismash_clusters_gbk/HpGP-COL-204.region001.gbk	False
/home/yanyun/Documents/project/output/antismash_clusters_gbk/HpGP-JAP-028.region001.gbk	False
/home/yanyun/Documents/project/output/antismash_clusters_gbk/HpGP-SPA-705.region001.gbk	False
/home/yanyun/Documents/project/output/antismash_clusters_gbk/HpGP-BGD-003.region001.gbk	False
/home/yanyun/Documents/project/output/antismash_clusters_gbk/HpGP-CHI-113.region001.gbk	False
/home/yanyun/Documents/project/output/antismash_clusters_gbk/HpGP-USA-305.region001.gbk	False
/home/yanyun/Documents/project/output/antismash_clusters_gbk/HpGP-ITA-002.region001.gbk	False
/home/yanyun/Documents/project/output/antismash_clusters_gbk/HpGP-GRE-043.region001.gbk	False
/home/yanyun/Documents/project/output/antismash_clusters_gbk/HpGP-MEX-010.region001.gbk	False
/home/yanyun/Documents/project/output/antismash_clusters_gbk/HpGP-SPA-407.region001.gbk	False
/home/yanyun/Documents/project/output/antismash_clusters_gbk/HpGP-USA-419.region001.gbk	False
/home/yanyun/Documents/project/output/antismash_clusters_gbk/HpGP-KOR-010.region001.gbk	False
/home/yanyun/Documents/project/output/antismash_clusters_gbk/HpGP-IND-009.region001.gbk	False
/home/yanyun/Documents/project/output/antismash_clusters_gbk/HpGP-DOM-010.region001.gbk	False
/home/yanyun/Documents/project/output/antismash_clusters_gbk/HpGP-ISL-009.region001.gbk	False
/home/yanyun/Documents/project/output/antismash_clusters_gbk/HpGP-COL-303.region001.gbk	False
/home/yanyun/Documents/project/output/antismash_clusters_gbk/HpGP-KOR-043.region001.gbk	False
/home/yanyun/Documents/project/output/antismash_clusters_gbk/HpGP-JOR-008.region001.gbk	False
/home/yanyun/Documents/project/output/antismash_clusters_gbk/HpGP-SPA-414.region001.gbk	False
/home/yanyun/Documents/project/output/antismash_clusters_gbk/HpGP-LIT-021.region001.gbk	False
/home/yanyun/Documents/project/output/antismash_clusters_gbk/HpGP-SWT-001.region001.gbk	False
/home/yanyun/Documents/project/output/antismash_clusters_gbk/HpGP-CHI-125.region001.gbk	False
/home/yanyun/Documents/project/output/antismash_clusters_gbk/HpGP-ISL-001.region001.gbk	False
/home/yanyun/Documents/project/output/antismash_clusters_gbk/HpGP-USA-105.region001.gbk	False
/home/yanyun/Documents/project/output/antismash_clusters_gbk/HpGP-KGZ-003.region001.gbk	False
/home/yanyun/Documents/project/output/antismash_clusters_gbk/HpGP-USA-413.region001.gbk	False
/home/yanyun/Documents/project/output/antismash_clusters_gbk/HpGP-SGP-012.region001.gbk	False
/home/yanyun/Documents/project/output/antismash_clusters_gbk/HpGP-HON-003.region001.gbk	False
/home/yanyun/Documents/project/output/antismash_clusters_gbk/HpGP-POR-009.region001.gbk	False
/home/yanyun/Documents/project/output/antismash_clusters_gbk/HpGP-MAL-015.region001.gbk	False
/home/yanyun/Documents/project/output/antismash_clusters_gbk/HpGP-SGP-006.region001.gbk	False
/home/yanyun/Documents/project/output/antismash_clusters_gbk/HpGP-SPA-319.region001.gbk	False
/home/yanyun/Documents/project/output/antismash_clusters_gbk/HpGP-TUR-005.region001.gbk	False
/home/yanyun/Documents/project/output/antismash_clusters_gbk/HpGP-KOR-048.region001.gbk	False
/home/yanyun/Documents/project/output/antismash_clusters_gbk/HpGP-CHN-002.region001.gbk	False
/home/yanyun/Documents/project/output/antismash_clusters_gbk/HpGP-CAN-018.region001.gbk	False
/home/yanyun/Documents/project/output/antismash_clusters_gbk/HpGP-COL-110.region001.gbk	False
/home/yanyun/Documents/project/output/antismash_clusters_gbk/HpGP-COL-010.region001.gbk	False
/home/yanyun/Documents/project/output/antismash_clusters_gbk/HpGP-NPL-012.region001.gbk	False
/home/yanyun/Documents/project/output/antismash_clusters_gbk/HpGP-COL-305.region001.gbk	False
/home/yanyun/Documents/project/output/antismash_clusters_gbk/HpGP-KAZ-002.region001.gbk	False
/home/yanyun/Documents/project/output/antismash_clusters_gbk/HpGP-GRE-022.region001.gbk	False
/home/yanyun/Documents/project/output/antismash_clusters_gbk/HpGP-ZAF-010.region001.gbk	False
/home/yanyun/Documents/project/output/antismash_clusters_gbk/HpGP-BRA-014.region001.gbk	False
/home/yanyun/Documents/project/output/antismash_clusters_gbk/HpGP-ISL-003.region001.gbk	False
/home/yanyun/Documents/project/output/antismash_clusters_gbk/HpGP-MAL-005.region001.gbk	False
/home/yanyun/Documents/project/output/antismash_clusters_gbk/HpGP-JOR-005.region001.gbk	False
/home/yanyun/Documents/project/output/antismash_clusters_gbk/HpGP-POR-115.region001.gbk	False
/home/yanyun/Documents/project/output/antismash_clusters_gbk/HpGP-LIT-024.region001.gbk	False
/home/yanyun/Documents/project/output/antismash_clusters_gbk/HpGP-IDN-010.region001.gbk	False
/home/yanyun/Documents/project/output/antismash_clusters_gbk/HpGP-KOR-118.region001.gbk	False
/home/yanyun/Documents/project/output/antismash_clusters_gbk/HpGP-SWE-007.region001.gbk	False
/home/yanyun/Documents/project/output/antismash_clusters_gbk/HpGP-COG-003.region001.gbk	False
/home/yanyun/Documents/project/output/antismash_clusters_gbk/HpGP-USA-435.region001.gbk	False
/home/yanyun/Documents/project/output/antismash_clusters_gbk/HpGP-MEX-002.region001.gbk	False
/home/yanyun/Documents/project/output/antismash_clusters_gbk/HpGP-MEX-024.region001.gbk	False
/home/yanyun/Documents/project/output/antismash_clusters_gbk/HpGP-LIT-008.region001.gbk	False
/home/yanyun/Documents/project/output/antismash_clusters_gbk/HpGP-TWN-019.region001.gbk	False
/home/yanyun/Documents/project/output/antismash_clusters_gbk/HpGP-HON-005.region001.gbk	False
/home/yanyun/Documents/project/output/antismash_clusters_gbk/HpGP-POR-005.region001.gbk	False
/home/yanyun/Documents/project/output/antismash_clusters_gbk/HpGP-POL-006.region001.gbk	False
/home/yanyun/Documents/project/output/antismash_clusters_gbk/HpGP-CHI-022.region001.gbk	False
/home/yanyun/Documents/project/output/antismash_clusters_gbk/HpGP-MAL-006.region001.gbk	False
/home/yanyun/Documents/project/output/antismash_clusters_gbk/HpGP-GER-005.region001.gbk	False
/home/yanyun/Documents/project/output/antismash_clusters_gbk/HpGP-GRE-036.region001.gbk	False
/home/yanyun/Documents/project/output/antismash_clusters_gbk/HpGP-ITA-014.region001.gbk	False
/home/yanyun/Documents/project/output/antismash_clusters_gbk/HpGP-CHI-018.region001.gbk	False
/home/yanyun/Documents/project/output/antismash_clusters_gbk/HpGP-COL-104.region001.gbk	False
/home/yanyun/Documents/project/output/antismash_clusters_gbk/HpGP-POL-002.region001.gbk	False
/home/yanyun/Documents/project/output/antismash_clusters_gbk/HpGP-BGR-004.region001.gbk	False
/home/yanyun/Documents/project/output/antismash_clusters_gbk/HpGP-CHI-209.region001.gbk	False
/home/yanyun/Documents/project/output/antismash_clusters_gbk/HpGP-SPA-004.region001.gbk	False
/home/yanyun/Documents/project/output/antismash_clusters_gbk/HpGP-JAP-016.region001.gbk	False
/home/yanyun/Documents/project/output/antismash_clusters_gbk/HpGP-JOR-010.region001.gbk	False
/home/yanyun/Documents/project/output/antismash_clusters_gbk/HpGP-COG-005.region001.gbk	False
/home/yanyun/Documents/project/output/antismash_clusters_gbk/HpGP-SWT-013.region001.gbk	False
/home/yanyun/Documents/project/output/antismash_clusters_gbk/HpGP-POL-010.region001.gbk	False
/home/yanyun/Documents/project/output/antismash_clusters_gbk/HpGP-NPL-001.region001.gbk	False
/home/yanyun/Documents/project/output/antismash_clusters_gbk/HpGP-SWE-010.region001.gbk	False
/home/yanyun/Documents/project/output/antismash_clusters_gbk/HpGP-HON-014.region001.gbk	False
/home/yanyun/Documents/project/output/antismash_clusters_gbk/HpGP-CAN-023.region001.gbk	False
/home/yanyun/Documents/project/output/antismash_clusters_gbk/HpGP-CHN-008.region001.gbk	False
/home/yanyun/Documents/project/output/antismash_clusters_gbk/HpGP-SPA-312.region001.gbk	False
/home/yanyun/Documents/project/output/antismash_clusters_gbk/HpGP-SPA-314.region001.gbk	False
/home/yanyun/Documents/project/output/antismash_clusters_gbk/HpGP-SPA-315.region001.gbk	False
/home/yanyun/Documents/project/output/antismash_clusters_gbk/HpGP-NPL-011.region001.gbk	False
/home/yanyun/Documents/project/output/antismash_clusters_gbk/HpGP-JOR-009.region001.gbk	False
/home/yanyun/Documents/project/output/antismash_clusters_gbk/HpGP-ITA-011.region001.gbk	False
/home/yanyun/Documents/project/output/antismash_clusters_gbk/HpGP-USA-428.region001.gbk	False
/home/yanyun/Documents/project/output/antismash_clusters_gbk/HpGP-KOR-047.region001.gbk	False
/home/yanyun/Documents/project/output/antismash_clusters_gbk/HpGP-BRA-019.region001.gbk	False
/home/yanyun/Documents/project/output/antismash_clusters_gbk/HpGP-CAN-001.region001.gbk	False
/home/yanyun/Documents/project/output/antismash_clusters_gbk/HpGP-SPA-203.region001.gbk	False
/home/yanyun/Documents/project/output/antismash_clusters_gbk/HpGP-MEX-001.region001.gbk	False
/home/yanyun/Documents/project/output/antismash_clusters_gbk/HpGP-LIT-032.region001.gbk	False
/home/yanyun/Documents/project/output/antismash_clusters_gbk/HpGP-NGA-017.region001.gbk	False
/home/yanyun/Documents/project/output/antismash_clusters_gbk/HpGP-KOR-116.region001.gbk	False
/home/yanyun/Documents/project/output/antismash_clusters_gbk/HpGP-SPA-610.region001.gbk	False
/home/yanyun/Documents/project/output/antismash_clusters_gbk/HpGP-USA-432.region001.gbk	False
/home/yanyun/Documents/project/output/antismash_clusters_gbk/HpGP-TWN-028.region001.gbk	False
/home/yanyun/Documents/project/output/antismash_clusters_gbk/HpGP-USA-417.region001.gbk	False
/home/yanyun/Documents/project/output/antismash_clusters_gbk/HpGP-CHN-001.region001.gbk	False
/home/yanyun/Documents/project/output/antismash_clusters_gbk/HpGP-POL-108.region001.gbk	False
/home/yanyun/Documents/project/output/antismash_clusters_gbk/HpGP-PER-136.region001.gbk	False
/home/yanyun/Documents/project/output/antismash_clusters_gbk/HpGP-GER-010.region001.gbk	False
/home/yanyun/Documents/project/output/antismash_clusters_gbk/HpGP-COL-103.region001.gbk	False
/home/yanyun/Documents/project/output/antismash_clusters_gbk/HpGP-GER-018.region001.gbk	False
/home/yanyun/Documents/project/output/antismash_clusters_gbk/HpGP-IND-007.region001.gbk	False
/home/yanyun/Documents/project/output/antismash_clusters_gbk/HpGP-LIT-023.region001.gbk	False
/home/yanyun/Documents/project/output/antismash_clusters_gbk/HpGP-COL-102.region001.gbk	False
/home/yanyun/Documents/project/output/antismash_clusters_gbk/HpGP-USA-104.region001.gbk	False
/home/yanyun/Documents/project/output/antismash_clusters_gbk/HpGP-USA-416.region001.gbk	False
/home/yanyun/Documents/project/output/antismash_clusters_gbk/HpGP-KOR-021.region001.gbk	False
/home/yanyun/Documents/project/output/antismash_clusters_gbk/HpGP-POL-102.region001.gbk	False
/home/yanyun/Documents/project/output/antismash_clusters_gbk/HpGP-TWN-022.region001.gbk	False
/home/yanyun/Documents/project/output/antismash_clusters_gbk/HpGP-COL-209.region001.gbk	False
/home/yanyun/Documents/project/output/antismash_clusters_gbk/HpGP-RUS-009.region001.gbk	False
/home/yanyun/Documents/project/output/antismash_clusters_gbk/HpGP-ALG-002.region001.gbk	False
/home/yanyun/Documents/project/output/antismash_clusters_gbk/HpGP-SWE-025.region001.gbk	False
/home/yanyun/Documents/project/output/antismash_clusters_gbk/HpGP-LAT-014.region001.gbk	False
/home/yanyun/Documents/project/output/antismash_clusters_gbk/HpGP-RUS-006.region001.gbk	False
/home/yanyun/Documents/project/output/antismash_clusters_gbk/HpGP-CHI-212.region001.gbk	False
/home/yanyun/Documents/project/output/antismash_clusters_gbk/HpGP-POR-003.region001.gbk	False
/home/yanyun/Documents/project/output/antismash_clusters_gbk/HpGP-JAP-029.region001.gbk	False
/home/yanyun/Documents/project/output/antismash_clusters_gbk/HpGP-CHI-122.region001.gbk	False
/home/yanyun/Documents/project/output/antismash_clusters_gbk/HpGP-KGZ-001.region001.gbk	False
/home/yanyun/Documents/project/output/antismash_clusters_gbk/HpGP-SWT-005.region001.gbk	False
/home/yanyun/Documents/project/output/antismash_clusters_gbk/HpGP-COL-308.region001.gbk	False
/home/yanyun/Documents/project/output/antismash_clusters_gbk/HpGP-JOR-004.region001.gbk	False
/home/yanyun/Documents/project/output/antismash_clusters_gbk/HpGP-USA-423.region001.gbk	False
/home/yanyun/Documents/project/output/antismash_clusters_gbk/HpGP-SGP-004.region001.gbk	False
/home/yanyun/Documents/project/output/antismash_clusters_gbk/HpGP-BRA-023.region001.gbk	False
/home/yanyun/Documents/project/output/antismash_clusters_gbk/HpGP-ISR-003.region001.gbk	False
/home/yanyun/Documents/project/output/antismash_clusters_gbk/HpGP-LIT-003.region001.gbk	False
/home/yanyun/Documents/project/output/antismash_clusters_gbk/HpGP-CHI-207.region001.gbk	False
/home/yanyun/Documents/project/output/antismash_clusters_gbk/HpGP-ARG-002.region001.gbk	False
/home/yanyun/Documents/project/output/antismash_clusters_gbk/HpGP-COL-206.region001.gbk	False
/home/yanyun/Documents/project/output/antismash_clusters_gbk/HpGP-COL-309.region001.gbk	False
/home/yanyun/Documents/project/output/antismash_clusters_gbk/HpGP-BRA-005.region001.gbk	False
/home/yanyun/Documents/project/output/antismash_clusters_gbk/HpGP-IDN-002.region001.gbk	False
/home/yanyun/Documents/project/output/antismash_clusters_gbk/HpGP-USA-115.region001.gbk	False
/home/yanyun/Documents/project/output/antismash_clusters_gbk/HpGP-USA-003.region001.gbk	False
/home/yanyun/Documents/project/output/antismash_clusters_gbk/HpGP-PER-019.region001.gbk	False
/home/yanyun/Documents/project/output/antismash_clusters_gbk/HpGP-NPL-004.region001.gbk	False
/home/yanyun/Documents/project/output/antismash_clusters_gbk/HpGP-TUR-002.region001.gbk	False
/home/yanyun/Documents/project/output/antismash_clusters_gbk/HpGP-KOR-032.region001.gbk	False
/home/yanyun/Documents/project/output/antismash_clusters_gbk/HpGP-SGP-015.region001.gbk	False
/home/yanyun/Documents/project/output/antismash_clusters_gbk/HpGP-MAL-016.region001.gbk	False
/home/yanyun/Documents/project/output/antismash_clusters_gbk/HpGP-TUR-007.region001.gbk	False
/home/yanyun/Documents/project/output/antismash_clusters_gbk/HpGP-SPA-014.region001.gbk	False
/home/yanyun/Documents/project/output/antismash_clusters_gbk/HpGP-HON-007.region001.gbk	False
/home/yanyun/Documents/project/output/antismash_clusters_gbk/HpGP-FRA-009.region001.gbk	False
/home/yanyun/Documents/project/output/antismash_clusters_gbk/HpGP-BRA-009.region001.gbk	False
/home/yanyun/Documents/project/output/antismash_clusters_gbk/HpGP-COL-108.region001.gbk	False
/home/yanyun/Documents/project/output/antismash_clusters_gbk/HpGP-USA-311.region001.gbk	False
/home/yanyun/Documents/project/output/antismash_clusters_gbk/HpGP-MMR-010.region001.gbk	False
/home/yanyun/Documents/project/output/antismash_clusters_gbk/HpGP-POR-106.region001.gbk	False
/home/yanyun/Documents/project/output/antismash_clusters_gbk/HpGP-SPA-709.region001.gbk	False
/home/yanyun/Documents/project/output/antismash_clusters_gbk/HpGP-SWE-026.region001.gbk	False
/home/yanyun/Documents/project/output/antismash_clusters_gbk/HpGP-MAL-023.region001.gbk	False
/home/yanyun/Documents/project/output/antismash_clusters_gbk/HpGP-SPA-313.region001.gbk	False
/home/yanyun/Documents/project/output/antismash_clusters_gbk/HpGP-POL-105.region001.gbk	False
/home/yanyun/Documents/project/output/antismash_clusters_gbk/HpGP-MMR-006.region001.gbk	False
/home/yanyun/Documents/project/output/antismash_clusters_gbk/HpGP-SPA-502.region001.gbk	False
/home/yanyun/Documents/project/output/antismash_clusters_gbk/HpGP-CHN-009.region001.gbk	False
/home/yanyun/Documents/project/output/antismash_clusters_gbk/HpGP-BGR-001.region001.gbk	False
/home/yanyun/Documents/project/output/antismash_clusters_gbk/HpGP-USA-120.region001.gbk	False
/home/yanyun/Documents/project/output/antismash_clusters_gbk/HpGP-MMR-004.region001.gbk	False
/home/yanyun/Documents/project/output/antismash_clusters_gbk/HpGP-MEX-012.region001.gbk	False
/home/yanyun/Documents/project/output/antismash_clusters_gbk/HpGP-LAT-015.region001.gbk	False
/home/yanyun/Documents/project/output/antismash_clusters_gbk/HpGP-FRA-008.region001.gbk	False
/home/yanyun/Documents/project/output/antismash_clusters_gbk/HpGP-SPA-108.region001.gbk	False
/home/yanyun/Documents/project/output/antismash_clusters_gbk/HpGP-POR-001.region001.gbk	False
/home/yanyun/Documents/project/output/antismash_clusters_gbk/HpGP-ITA-028.region001.gbk	False
/home/yanyun/Documents/project/output/antismash_clusters_gbk/HpGP-SPA-015.region001.gbk	False
/home/yanyun/Documents/project/output/antismash_clusters_gbk/HpGP-SPA-401.region001.gbk	False
/home/yanyun/Documents/project/output/antismash_clusters_gbk/HpGP-MAL-025.region001.gbk	False
/home/yanyun/Documents/project/output/antismash_clusters_gbk/HpGP-USA-429.region001.gbk	False
/home/yanyun/Documents/project/output/antismash_clusters_gbk/HpGP-CRI-001.region001.gbk	False
/home/yanyun/Documents/project/output/antismash_clusters_gbk/HpGP-SGP-033.region001.gbk	False
/home/yanyun/Documents/project/output/antismash_clusters_gbk/HpGP-LAT-001.region001.gbk	False
/home/yanyun/Documents/project/output/antismash_clusters_gbk/HpGP-POR-105.region001.gbk	False
/home/yanyun/Documents/project/output/antismash_clusters_gbk/HpGP-KOR-037.region001.gbk	False
/home/yanyun/Documents/project/output/antismash_clusters_gbk/HpGP-MEX-007.region001.gbk	False
/home/yanyun/Documents/project/output/antismash_clusters_gbk/HpGP-CAN-025.region001.gbk	False
/home/yanyun/Documents/project/output/antismash_clusters_gbk/HpGP-POR-107.region001.gbk	False
/home/yanyun/Documents/project/output/antismash_clusters_gbk/HpGP-TWN-007.region001.gbk	False
/home/yanyun/Documents/project/output/antismash_clusters_gbk/HpGP-FRA-019.region001.gbk	False
/home/yanyun/Documents/project/output/antismash_clusters_gbk/HpGP-IRN-009.region001.gbk	False
/home/yanyun/Documents/project/output/antismash_clusters_gbk/HpGP-PER-119.region001.gbk	False
/home/yanyun/Documents/project/output/antismash_clusters_gbk/HpGP-ALG-010.region001.gbk	False
/home/yanyun/Documents/project/output/antismash_clusters_gbk/HpGP-ITA-022.region001.gbk	False
/home/yanyun/Documents/project/output/antismash_clusters_gbk/HpGP-MEX-027.region001.gbk	False
/home/yanyun/Documents/project/output/antismash_clusters_gbk/HpGP-USA-431.region001.gbk	False
/home/yanyun/Documents/project/output/antismash_clusters_gbk/HpGP-CHI-107.region001.gbk	False
/home/yanyun/Documents/project/output/antismash_clusters_gbk/HpGP-JAP-114.region001.gbk	False
/home/yanyun/Documents/project/output/antismash_clusters_gbk/HpGP-SGP-002.region001.gbk	False
/home/yanyun/Documents/project/output/antismash_clusters_gbk/HpGP-HON-024.region001.gbk	False
/home/yanyun/Documents/project/output/antismash_clusters_gbk/HpGP-JAP-026.region001.gbk	False
/home/yanyun/Documents/project/output/antismash_clusters_gbk/HpGP-IDN-011.region001.gbk	False
/home/yanyun/Documents/project/output/antismash_clusters_gbk/HpGP-SPA-309.region001.gbk	False
/home/yanyun/Documents/project/output/antismash_clusters_gbk/HpGP-ALG-005.region001.gbk	False
/home/yanyun/Documents/project/output/antismash_clusters_gbk/HpGP-ZAF-004.region001.gbk	False
/home/yanyun/Documents/project/output/antismash_clusters_gbk/HpGP-GER-016.region001.gbk	False
/home/yanyun/Documents/project/output/antismash_clusters_gbk/HpGP-USA-437.region001.gbk	False
/home/yanyun/Documents/project/output/antismash_clusters_gbk/HpGP-BRA-017.region001.gbk	False
/home/yanyun/Documents/project/output/antismash_clusters_gbk/HpGP-JAP-013.region001.gbk	False
/home/yanyun/Documents/project/output/antismash_clusters_gbk/HpGP-NPL-009.region001.gbk	False
/home/yanyun/Documents/project/output/antismash_clusters_gbk/HpGP-KOR-105.region001.gbk	False
/home/yanyun/Documents/project/output/antismash_clusters_gbk/HpGP-SPA-003.region001.gbk	False
/home/yanyun/Documents/project/output/antismash_clusters_gbk/HpGP-LAT-012.region001.gbk	False
/home/yanyun/Documents/project/output/antismash_clusters_gbk/HpGP-LIT-012.region001.gbk	False
/home/yanyun/Documents/project/output/antismash_clusters_gbk/HpGP-SGP-038.region001.gbk	False
/home/yanyun/Documents/project/output/antismash_clusters_gbk/HpGP-CAN-014.region001.gbk	False
/home/yanyun/Documents/project/output/antismash_clusters_gbk/HpGP-MEX-044.region001.gbk	False
/home/yanyun/Documents/project/output/antismash_clusters_gbk/HpGP-COL-109.region001.gbk	False
/home/yanyun/Documents/project/output/antismash_clusters_gbk/HpGP-TWN-017.region001.gbk	False
/home/yanyun/Documents/project/output/antismash_clusters_gbk/HpGP-COL-211.region001.gbk	False
/home/yanyun/Documents/project/output/antismash_clusters_gbk/HpGP-HON-016.region001.gbk	False
/home/yanyun/Documents/project/output/antismash_clusters_gbk/HpGP-SPA-202.region001.gbk	False
/home/yanyun/Documents/project/output/antismash_clusters_gbk/HpGP-LAT-027.region001.gbk	False
/home/yanyun/Documents/project/output/antismash_clusters_gbk/HpGP-ALG-008.region001.gbk	False
/home/yanyun/Documents/project/output/antismash_clusters_gbk/HpGP-ISR-006.region001.gbk	False
/home/yanyun/Documents/project/output/antismash_clusters_gbk/HpGP-NPL-002.region001.gbk	False
/home/yanyun/Documents/project/output/antismash_clusters_gbk/HpGP-SWE-006.region001.gbk	False
/home/yanyun/Documents/project/output/antismash_clusters_gbk/HpGP-KOR-033.region001.gbk	False
/home/yanyun/Documents/project/output/antismash_clusters_gbk/HpGP-NGA-010.region001.gbk	False
/home/yanyun/Documents/project/output/antismash_clusters_gbk/HpGP-COL-307.region001.gbk	False
/home/yanyun/Documents/project/output/antismash_clusters_gbk/HpGP-CAN-020.region001.gbk	False
/home/yanyun/Documents/project/output/antismash_clusters_gbk/HpGP-LAT-020.region001.gbk	False
/home/yanyun/Documents/project/output/antismash_clusters_gbk/HpGP-TWN-021.region001.gbk	False
/home/yanyun/Documents/project/output/antismash_clusters_gbk/HpGP-HON-020.region001.gbk	False
/home/yanyun/Documents/project/output/antismash_clusters_gbk/HpGP-USA-403.region001.gbk	False
/home/yanyun/Documents/project/output/antismash_clusters_gbk/HpGP-GRE-011.region001.gbk	False
/home/yanyun/Documents/project/output/antismash_clusters_gbk/HpGP-SGP-013.region001.gbk	False
/home/yanyun/Documents/project/output/antismash_clusters_gbk/HpGP-LAT-019.region001.gbk	False
/home/yanyun/Documents/project/output/antismash_clusters_gbk/HpGP-CHI-014.region001.gbk	False
/home/yanyun/Documents/project/output/antismash_clusters_gbk/HpGP-GER-021.region001.gbk	False
/home/yanyun/Documents/project/output/antismash_clusters_gbk/HpGP-NGA-006.region001.gbk	False
/home/yanyun/Documents/project/output/antismash_clusters_gbk/HpGP-JOR-001.region001.gbk	False
/home/yanyun/Documents/project/output/antismash_clusters_gbk/HpGP-VNM-006.region001.gbk	False
/home/yanyun/Documents/project/output/antismash_clusters_gbk/HpGP-USA-422.region001.gbk	False
/home/yanyun/Documents/project/output/antismash_clusters_gbk/HpGP-SPA-317.region001.gbk	False
/home/yanyun/Documents/project/output/antismash_clusters_gbk/HpGP-NPL-007.region001.gbk	False
/home/yanyun/Documents/project/output/antismash_clusters_gbk/HpGP-COL-107.region001.gbk	False
/home/yanyun/Documents/project/output/antismash_clusters_gbk/HpGP-ITA-030.region001.gbk	False
/home/yanyun/Documents/project/output/antismash_clusters_gbk/HpGP-TUR-004.region001.gbk	False
/home/yanyun/Documents/project/output/antismash_clusters_gbk/HpGP-KGZ-008.region001.gbk	False
/home/yanyun/Documents/project/output/antismash_clusters_gbk/HpGP-CHI-005.region001.gbk	False
/home/yanyun/Documents/project/output/antismash_clusters_gbk/HpGP-CHI-016.region001.gbk	False
/home/yanyun/Documents/project/output/antismash_clusters_gbk/HpGP-ARG-010.region001.gbk	False
/home/yanyun/Documents/project/output/antismash_clusters_gbk/HpGP-IDN-009.region001.gbk	False
/home/yanyun/Documents/project/output/antismash_clusters_gbk/HpGP-SWE-030.region001.gbk	False
/home/yanyun/Documents/project/output/antismash_clusters_gbk/HpGP-CHN-010.region001.gbk	False
/home/yanyun/Documents/project/output/antismash_clusters_gbk/HpGP-MAL-020.region001.gbk	False
/home/yanyun/Documents/project/output/antismash_clusters_gbk/HpGP-DOM-001.region001.gbk	False
/home/yanyun/Documents/project/output/antismash_clusters_gbk/HpGP-KOR-109.region001.gbk	False
/home/yanyun/Documents/project/output/antismash_clusters_gbk/HpGP-SWE-001.region001.gbk	False
/home/yanyun/Documents/project/output/antismash_clusters_gbk/HpGP-JAP-104.region001.gbk	False
/home/yanyun/Documents/project/output/antismash_clusters_gbk/HpGP-POR-018.region001.gbk	False
/home/yanyun/Documents/project/output/antismash_clusters_gbk/HpGP-SWE-013.region001.gbk	False
/home/yanyun/Documents/project/output/antismash_clusters_gbk/HpGP-IDN-004.region001.gbk	False
/home/yanyun/Documents/project/output/antismash_clusters_gbk/HpGP-HON-021.region001.gbk	False
/home/yanyun/Documents/project/output/antismash_clusters_gbk/HpGP-LIT-030.region001.gbk	False
/home/yanyun/Documents/project/output/antismash_clusters_gbk/HpGP-ISL-007.region001.gbk	False
/home/yanyun/Documents/project/output/antismash_clusters_gbk/HpGP-PER-130.region001.gbk	False
/home/yanyun/Documents/project/output/antismash_clusters_gbk/HpGP-SWE-004.region001.gbk	False
/home/yanyun/Documents/project/output/antismash_clusters_gbk/HpGP-KOR-023.region001.gbk	False
/home/yanyun/Documents/project/output/antismash_clusters_gbk/HpGP-CHI-204.region001.gbk	False
/home/yanyun/Documents/project/output/antismash_clusters_gbk/HpGP-SPA-016.region001.gbk	False
/home/yanyun/Documents/project/output/antismash_clusters_gbk/HpGP-POR-012.region001.gbk	False
/home/yanyun/Documents/project/output/antismash_clusters_gbk/HpGP-KOR-029.region001.gbk	False
/home/yanyun/Documents/project/output/antismash_clusters_gbk/HpGP-COL-113.region001.gbk	False
/home/yanyun/Documents/project/output/antismash_clusters_gbk/HpGP-BRA-025.region001.gbk	False
/home/yanyun/Documents/project/output/antismash_clusters_gbk/HpGP-JAP-002.region001.gbk	False
/home/yanyun/Documents/project/output/antismash_clusters_gbk/HpGP-CHN-006.region001.gbk	False
/home/yanyun/Documents/project/output/antismash_clusters_gbk/HpGP-FRA-011.region001.gbk	False
/home/yanyun/Documents/project/output/antismash_clusters_gbk/HpGP-TUR-014.region001.gbk	False
/home/yanyun/Documents/project/output/antismash_clusters_gbk/HpGP-SPA-320.region001.gbk	False
/home/yanyun/Documents/project/output/antismash_clusters_gbk/HpGP-MMR-001.region001.gbk	False
/home/yanyun/Documents/project/output/antismash_clusters_gbk/HpGP-KOR-005.region001.gbk	False
/home/yanyun/Documents/project/output/antismash_clusters_gbk/HpGP-CAN-022.region001.gbk	False
/home/yanyun/Documents/project/output/antismash_clusters_gbk/HpGP-JAP-107.region001.gbk	False
/home/yanyun/Documents/project/output/antismash_clusters_gbk/HpGP-KOR-027.region001.gbk	False
/home/yanyun/Documents/project/output/antismash_clusters_gbk/HpGP-PER-140.region001.gbk	False
/home/yanyun/Documents/project/output/antismash_clusters_gbk/HpGP-POL-004.region001.gbk	False
/home/yanyun/Documents/project/output/antismash_clusters_gbk/HpGP-LAT-035.region001.gbk	False
/home/yanyun/Documents/project/output/antismash_clusters_gbk/HpGP-VNM-009.region001.gbk	False
/home/yanyun/Documents/project/output/antismash_clusters_gbk/HpGP-GRE-044.region001.gbk	False
/home/yanyun/Documents/project/output/antismash_clusters_gbk/HpGP-BRA-003.region001.gbk	False
/home/yanyun/Documents/project/output/antismash_clusters_gbk/HpGP-MEX-028.region001.gbk	False
/home/yanyun/Documents/project/output/antismash_clusters_gbk/HpGP-MEX-004.region001.gbk	False
/home/yanyun/Documents/project/output/antismash_clusters_gbk/HpGP-PER-117.region001.gbk	False
/home/yanyun/Documents/project/output/antismash_clusters_gbk/HpGP-IRN-001.region001.gbk	False
/home/yanyun/Documents/project/output/antismash_clusters_gbk/HpGP-USA-405.region001.gbk	False
/home/yanyun/Documents/project/output/antismash_clusters_gbk/HpGP-POR-011.region001.gbk	False
/home/yanyun/Documents/project/output/antismash_clusters_gbk/HpGP-SPA-020.region001.gbk	False
/home/yanyun/Documents/project/output/antismash_clusters_gbk/HpGP-FRA-020.region001.gbk	False
/home/yanyun/Documents/project/output/antismash_clusters_gbk/HpGP-PER-102.region001.gbk	False
/home/yanyun/Documents/project/output/antismash_clusters_gbk/HpGP-GMB-004.region001.gbk	False
/home/yanyun/Documents/project/output/antismash_clusters_gbk/HpGP-SPA-611.region001.gbk	False
/home/yanyun/Documents/project/output/antismash_clusters_gbk/HpGP-COG-001.region001.gbk	False
/home/yanyun/Documents/project/output/antismash_clusters_gbk/HpGP-ZAF-009.region001.gbk	False
/home/yanyun/Documents/project/output/antismash_clusters_gbk/HpGP-FRA-015.region001.gbk	False
/home/yanyun/Documents/project/output/antismash_clusters_gbk/HpGP-KOR-019.region001.gbk	False
/home/yanyun/Documents/project/output/antismash_clusters_gbk/HpGP-COL-301.region001.gbk	False
/home/yanyun/Documents/project/output/antismash_clusters_gbk/HpGP-BRA-008.region001.gbk	False
/home/yanyun/Documents/project/output/antismash_clusters_gbk/HpGP-LIT-025.region001.gbk	False
/home/yanyun/Documents/project/output/antismash_clusters_gbk/HpGP-POL-101.region001.gbk	False
/home/yanyun/Documents/project/output/antismash_clusters_gbk/HpGP-SPA-804.region001.gbk	False
/home/yanyun/Documents/project/output/antismash_clusters_gbk/HpGP-HON-015.region001.gbk	False
/home/yanyun/Documents/project/output/antismash_clusters_gbk/HpGP-SPA-802.region001.gbk	False
/home/yanyun/Documents/project/output/antismash_clusters_gbk/HpGP-LAT-008.region001.gbk	False
/home/yanyun/Documents/project/output/antismash_clusters_gbk/HpGP-SWT-002.region001.gbk	False
/home/yanyun/Documents/project/output/antismash_clusters_gbk/HpGP-GRE-020.region001.gbk	False
/home/yanyun/Documents/project/output/antismash_clusters_gbk/HpGP-LAT-018.region001.gbk	False
/home/yanyun/Documents/project/output/antismash_clusters_gbk/HpGP-SPA-402.region001.gbk	False
/home/yanyun/Documents/project/output/antismash_clusters_gbk/HpGP-MEX-043.region001.gbk	False
/home/yanyun/Documents/project/output/antismash_clusters_gbk/HpGP-POR-110.region001.gbk	False
/home/yanyun/Documents/project/output/antismash_clusters_gbk/HpGP-LAT-002.region001.gbk	False
/home/yanyun/Documents/project/output/antismash_clusters_gbk/HpGP-CHI-102.region001.gbk	False
/home/yanyun/Documents/project/output/antismash_clusters_gbk/HpGP-KGZ-007.region001.gbk	False
/home/yanyun/Documents/project/output/antismash_clusters_gbk/HpGP-SWE-021.region001.gbk	False
/home/yanyun/Documents/project/output/antismash_clusters_gbk/HpGP-SPA-706.region001.gbk	False
/home/yanyun/Documents/project/output/antismash_clusters_gbk/HpGP-KOR-025.region001.gbk	False
/home/yanyun/Documents/project/output/antismash_clusters_gbk/HpGP-KGZ-010.region001.gbk	False
/home/yanyun/Documents/project/output/antismash_clusters_gbk/HpGP-JAP-009.region001.gbk	False
/home/yanyun/Documents/project/output/antismash_clusters_gbk/HpGP-PER-116.region001.gbk	False
/home/yanyun/Documents/project/output/antismash_clusters_gbk/HpGP-SWE-019.region001.gbk	False
/home/yanyun/Documents/project/output/antismash_clusters_gbk/HpGP-GRE-019.region001.gbk	False
/home/yanyun/Documents/project/output/antismash_clusters_gbk/HpGP-MAL-007.region001.gbk	False
/home/yanyun/Documents/project/output/antismash_clusters_gbk/HpGP-SPA-002.region001.gbk	False
/home/yanyun/Documents/project/output/antismash_clusters_gbk/HpGP-PER-106.region001.gbk	False
/home/yanyun/Documents/project/output/antismash_clusters_gbk/HpGP-ALG-001.region001.gbk	False
/home/yanyun/Documents/project/output/antismash_clusters_gbk/HpGP-CHI-017.region001.gbk	False
/home/yanyun/Documents/project/output/antismash_clusters_gbk/HpGP-SGP-026.region001.gbk	False
/home/yanyun/Documents/project/output/antismash_clusters_gbk/HpGP-TWN-027.region001.gbk	False
/home/yanyun/Documents/project/output/antismash_clusters_gbk/HpGP-FRA-013.region001.gbk	False
/home/yanyun/Documents/project/output/antismash_clusters_gbk/HpGP-SPA-012.region001.gbk	False
/home/yanyun/Documents/project/output/antismash_clusters_gbk/HpGP-GMB-003.region001.gbk	False
/home/yanyun/Documents/project/output/antismash_clusters_gbk/HpGP-ISR-009.region001.gbk	False
/home/yanyun/Documents/project/output/antismash_clusters_gbk/HpGP-HON-001.region001.gbk	False
/home/yanyun/Documents/project/output/antismash_clusters_gbk/HpGP-BRA-001.region001.gbk	False
/home/yanyun/Documents/project/output/antismash_clusters_gbk/HpGP-SPA-018.region001.gbk	False
/home/yanyun/Documents/project/output/antismash_clusters_gbk/HpGP-CHI-119.region001.gbk	False
/home/yanyun/Documents/project/output/antismash_clusters_gbk/HpGP-COL-002.region001.gbk	False
/home/yanyun/Documents/project/output/antismash_clusters_gbk/HpGP-COL-210.region001.gbk	False
/home/yanyun/Documents/project/output/antismash_clusters_gbk/HpGP-GMB-008.region001.gbk	False
/home/yanyun/Documents/project/output/antismash_clusters_gbk/HpGP-ISL-005.region001.gbk	False
/home/yanyun/Documents/project/output/antismash_clusters_gbk/HpGP-USA-434.region001.gbk	False
/home/yanyun/Documents/project/output/antismash_clusters_gbk/HpGP-SGP-017.region002.gbk	False
/home/yanyun/Documents/project/output/antismash_clusters_gbk/HpGP-KOR-035.region001.gbk	False
/home/yanyun/Documents/project/output/antismash_clusters_gbk/HpGP-USA-415.region001.gbk	False
/home/yanyun/Documents/project/output/antismash_clusters_gbk/HpGP-ITA-025.region001.gbk	False
/home/yanyun/Documents/project/output/antismash_clusters_gbk/HpGP-PRI-004.region001.gbk	False
/home/yanyun/Documents/project/output/antismash_clusters_gbk/HpGP-SPA-324.region001.gbk	False
/home/yanyun/Documents/project/output/antismash_clusters_gbk/HpGP-MAL-003.region001.gbk	False
/home/yanyun/Documents/project/output/antismash_clusters_gbk/HpGP-ISR-007.region001.gbk	False
/home/yanyun/Documents/project/output/antismash_clusters_gbk/HpGP-IRN-002.region001.gbk	False
/home/yanyun/Documents/project/output/antismash_clusters_gbk/HpGP-SPA-311.region001.gbk	False
/home/yanyun/Documents/project/output/antismash_clusters_gbk/HpGP-POL-109.region001.gbk	False
/home/yanyun/Documents/project/output/antismash_clusters_gbk/HpGP-USA-301.region001.gbk	False
/home/yanyun/Documents/project/output/antismash_clusters_gbk/HpGP-SPA-805.region001.gbk	False
/home/yanyun/Documents/project/output/antismash_clusters_gbk/HpGP-PER-011.region001.gbk	False
/home/yanyun/Documents/project/output/antismash_clusters_gbk/HpGP-SPA-308.region001.gbk	False
/home/yanyun/Documents/project/output/antismash_clusters_gbk/HpGP-SPA-405.region001.gbk	False
/home/yanyun/Documents/project/output/antismash_clusters_gbk/HpGP-CRI-003.region001.gbk	False
/home/yanyun/Documents/project/output/antismash_clusters_gbk/HpGP-FRA-018.region001.gbk	False
/home/yanyun/Documents/project/output/antismash_clusters_gbk/HpGP-SPA-510.region001.gbk	False
/home/yanyun/Documents/project/output/antismash_clusters_gbk/HpGP-SWE-008.region001.gbk	False
/home/yanyun/Documents/project/output/antismash_clusters_gbk/HpGP-GTM-004.region001.gbk	False
/home/yanyun/Documents/project/output/antismash_clusters_gbk/HpGP-ITA-026.region001.gbk	False
/home/yanyun/Documents/project/output/antismash_clusters_gbk/HpGP-SPA-007.region001.gbk	False
/home/yanyun/Documents/project/output/antismash_clusters_gbk/HpGP-POL-106.region001.gbk	False
/home/yanyun/Documents/project/output/antismash_clusters_gbk/HpGP-ITA-001.region001.gbk	False
/home/yanyun/Documents/project/output/antismash_clusters_gbk/HpGP-SPA-704.region001.gbk	False
/home/yanyun/Documents/project/output/antismash_clusters_gbk/HpGP-SPA-102.region001.gbk	False
/home/yanyun/Documents/project/output/antismash_clusters_gbk/HpGP-NPL-010.region001.gbk	False
/home/yanyun/Documents/project/output/antismash_clusters_gbk/HpGP-PER-107.region001.gbk	False
/home/yanyun/Documents/project/output/antismash_clusters_gbk/HpGP-VNM-001.region001.gbk	False
/home/yanyun/Documents/project/output/antismash_clusters_gbk/HpGP-PER-115.region001.gbk	False
/home/yanyun/Documents/project/output/antismash_clusters_gbk/HpGP-PER-017.region001.gbk	False
/home/yanyun/Documents/project/output/antismash_clusters_gbk/HpGP-TWN-026.region001.gbk	False
/home/yanyun/Documents/project/output/antismash_clusters_gbk/HpGP-USA-406.region001.gbk	False
/home/yanyun/Documents/project/output/antismash_clusters_gbk/HpGP-GRE-004.region001.gbk	False
/home/yanyun/Documents/project/output/antismash_clusters_gbk/HpGP-LAT-023.region001.gbk	False
/home/yanyun/Documents/project/output/antismash_clusters_gbk/HpGP-SPA-209.region001.gbk	False
/home/yanyun/Documents/project/output/antismash_clusters_gbk/HpGP-CAN-012.region001.gbk	False
/home/yanyun/Documents/project/output/antismash_clusters_gbk/HpGP-IDN-001.region001.gbk	False
/home/yanyun/Documents/project/output/antismash_clusters_gbk/HpGP-PRI-008.region001.gbk	False
/home/yanyun/Documents/project/output/antismash_clusters_gbk/HpGP-COL-005.region001.gbk	False
/home/yanyun/Documents/project/output/antismash_clusters_gbk/HpGP-KOR-112.region001.gbk	False
/home/yanyun/Documents/project/output/antismash_clusters_gbk/HpGP-USA-404.region001.gbk	False
/home/yanyun/Documents/project/output/antismash_clusters_gbk/HpGP-CRI-007.region001.gbk	False
/home/yanyun/Documents/project/output/antismash_clusters_gbk/HpGP-ITA-029.region001.gbk	False
/home/yanyun/Documents/project/output/antismash_clusters_gbk/HpGP-COL-008.region001.gbk	False
/home/yanyun/Documents/project/output/antismash_clusters_gbk/HpGP-BGD-005.region001.gbk	False
/home/yanyun/Documents/project/output/antismash_clusters_gbk/HpGP-KOR-119.region001.gbk	False
/home/yanyun/Documents/project/output/antismash_clusters_gbk/HpGP-LAT-010.region001.gbk	False
/home/yanyun/Documents/project/output/antismash_clusters_gbk/HpGP-CRI-002.region001.gbk	False
/home/yanyun/Documents/project/output/antismash_clusters_gbk/HpGP-SPA-006.region001.gbk	False
/home/yanyun/Documents/project/output/antismash_clusters_gbk/HpGP-JAP-108.region001.gbk	False
/home/yanyun/Documents/project/output/antismash_clusters_gbk/HpGP-COL-318.region001.gbk	False
/home/yanyun/Documents/project/output/antismash_clusters_gbk/HpGP-ITA-003.region001.gbk	False
/home/yanyun/Documents/project/output/antismash_clusters_gbk/HpGP-IRN-003.region001.gbk	False
/home/yanyun/Documents/project/output/antismash_clusters_gbk/HpGP-ZAF-008.region001.gbk	False
/home/yanyun/Documents/project/output/antismash_clusters_gbk/HpGP-ITA-024.region001.gbk	False
/home/yanyun/Documents/project/output/antismash_clusters_gbk/HpGP-POR-102.region001.gbk	False
/home/yanyun/Documents/project/output/antismash_clusters_gbk/HpGP-FRA-007.region001.gbk	False
/home/yanyun/Documents/project/output/antismash_clusters_gbk/HpGP-TUR-011.region001.gbk	False
/home/yanyun/Documents/project/output/antismash_clusters_gbk/HpGP-SPA-607.region001.gbk	False
/home/yanyun/Documents/project/output/antismash_clusters_gbk/HpGP-KOR-046.region001.gbk	False
/home/yanyun/Documents/project/output/antismash_clusters_gbk/HpGP-CHN-004.region001.gbk	False
/home/yanyun/Documents/project/output/antismash_clusters_gbk/HpGP-SPA-304.region001.gbk	False
/home/yanyun/Documents/project/output/antismash_clusters_gbk/HpGP-BRA-018.region001.gbk	False
/home/yanyun/Documents/project/output/antismash_clusters_gbk/HpGP-CHI-021.region001.gbk	False
/home/yanyun/Documents/project/output/antismash_clusters_gbk/HpGP-SPA-710.region001.gbk	False
/home/yanyun/Documents/project/output/antismash_clusters_gbk/HpGP-SPA-207.region001.gbk	False
/home/yanyun/Documents/project/output/antismash_clusters_gbk/HpGP-MEX-041.region001.gbk	False
/home/yanyun/Documents/project/output/antismash_clusters_gbk/HpGP-CAN-026.region001.gbk	False
/home/yanyun/Documents/project/output/antismash_clusters_gbk/HpGP-LAT-029.region001.gbk	False
/home/yanyun/Documents/project/output/antismash_clusters_gbk/HpGP-JAP-015.region001.gbk	False
/home/yanyun/Documents/project/output/antismash_clusters_gbk/HpGP-SPA-501.region001.gbk	False
/home/yanyun/Documents/project/output/antismash_clusters_gbk/HpGP-CHI-103.region001.gbk	False
/home/yanyun/Documents/project/output/antismash_clusters_gbk/HpGP-POR-013.region001.gbk	False
/home/yanyun/Documents/project/output/antismash_clusters_gbk/HpGP-ARG-007.region001.gbk	False
/home/yanyun/Documents/project/output/antismash_clusters_gbk/HpGP-MMR-009.region001.gbk	False
/home/yanyun/Documents/project/output/antismash_clusters_gbk/HpGP-TWN-016.region001.gbk	False
/home/yanyun/Documents/project/output/antismash_clusters_gbk/HpGP-JAP-017.region001.gbk	False
/home/yanyun/Documents/project/output/antismash_clusters_gbk/HpGP-GMB-007.region001.gbk	False
/home/yanyun/Documents/project/output/antismash_clusters_gbk/HpGP-SPA-403.region001.gbk	False
/home/yanyun/Documents/project/output/antismash_clusters_gbk/HpGP-LAT-021.region001.gbk	False
/home/yanyun/Documents/project/output/antismash_clusters_gbk/HpGP-HON-012.region001.gbk	False
/home/yanyun/Documents/project/output/antismash_clusters_gbk/HpGP-CHN-003.region001.gbk	False
/home/yanyun/Documents/project/output/antismash_clusters_gbk/HpGP-POR-112.region001.gbk	False
/home/yanyun/Documents/project/output/antismash_clusters_gbk/HpGP-FRA-004.region001.gbk	False
/home/yanyun/Documents/project/output/antismash_clusters_gbk/HpGP-RUS-001.region001.gbk	False
/home/yanyun/Documents/project/output/antismash_clusters_gbk/HpGP-ARG-006.region001.gbk	False
/home/yanyun/Documents/project/output/antismash_clusters_gbk/HpGP-HON-027.region001.gbk	False
/home/yanyun/Documents/project/output/antismash_clusters_gbk/HpGP-GRE-006.region001.gbk	False
/home/yanyun/Documents/project/output/antismash_clusters_gbk/HpGP-COG-006.region001.gbk	False
/home/yanyun/Documents/project/output/antismash_clusters_gbk/HpGP-CHI-026.region001.gbk	False
/home/yanyun/Documents/project/output/antismash_clusters_gbk/HpGP-COL-306.region001.gbk	False
/home/yanyun/Documents/project/output/antismash_clusters_gbk/HpGP-USA-002.region001.gbk	False
/home/yanyun/Documents/project/output/antismash_clusters_gbk/HpGP-SWE-031.region001.gbk	False
/home/yanyun/Documents/project/output/antismash_clusters_gbk/HpGP-LIT-013.region001.gbk	False
/home/yanyun/Documents/project/output/antismash_clusters_gbk/HpGP-DOM-008.region001.gbk	False
/home/yanyun/Documents/project/output/antismash_clusters_gbk/HpGP-FRA-010.region001.gbk	False
/home/yanyun/Documents/project/output/antismash_clusters_gbk/HpGP-DOM-009.region001.gbk	False
/home/yanyun/Documents/project/output/antismash_clusters_gbk/HpGP-ITA-023.region001.gbk	False
/home/yanyun/Documents/project/output/antismash_clusters_gbk/HpGP-POL-103.region001.gbk	False
/home/yanyun/Documents/project/output/antismash_clusters_gbk/HpGP-LIT-035.region001.gbk	False
/home/yanyun/Documents/project/output/antismash_clusters_gbk/HpGP-CAN-008.region001.gbk	False
/home/yanyun/Documents/project/output/antismash_clusters_gbk/HpGP-COL-208.region001.gbk	False
/home/yanyun/Documents/project/output/antismash_clusters_gbk/HpGP-MEX-045.region001.gbk	False
/home/yanyun/Documents/project/output/antismash_clusters_gbk/HpGP-CAN-015.region001.gbk	False
/home/yanyun/Documents/project/output/antismash_clusters_gbk/HpGP-SPA-017.region001.gbk	False
/home/yanyun/Documents/project/output/antismash_clusters_gbk/HpGP-MEX-032.region001.gbk	False
/home/yanyun/Documents/project/output/antismash_clusters_gbk/HpGP-PER-109.region001.gbk	False
/home/yanyun/Documents/project/output/antismash_clusters_gbk/HpGP-KOR-007.region001.gbk	False
/home/yanyun/Documents/project/output/antismash_clusters_gbk/HpGP-BRA-010.region001.gbk	False
/home/yanyun/Documents/project/output/antismash_clusters_gbk/HpGP-SPA-318.region001.gbk	False
/home/yanyun/Documents/project/output/antismash_clusters_gbk/HpGP-JAP-112.region001.gbk	False
/home/yanyun/Documents/project/output/antismash_clusters_gbk/HpGP-MEX-003.region002.gbk	False
/home/yanyun/Documents/project/output/antismash_clusters_gbk/HpGP-SPA-204.region001.gbk	False
/home/yanyun/Documents/project/output/antismash_clusters_gbk/HpGP-KOR-042.region001.gbk	False
/home/yanyun/Documents/project/output/antismash_clusters_gbk/HpGP-POL-003.region001.gbk	False
/home/yanyun/Documents/project/output/antismash_clusters_gbk/HpGP-HON-010.region001.gbk	False
/home/yanyun/Documents/project/output/antismash_clusters_gbk/HpGP-ARG-005.region001.gbk	False
/home/yanyun/Documents/project/output/antismash_clusters_gbk/HpGP-PER-121.region001.gbk	False
/home/yanyun/Documents/project/output/antismash_clusters_gbk/HpGP-USA-119.region001.gbk	False
/home/yanyun/Documents/project/output/antismash_clusters_gbk/HpGP-PER-113.region001.gbk	False
/home/yanyun/Documents/project/output/antismash_clusters_gbk/HpGP-CHI-124.region001.gbk	False
/home/yanyun/Documents/project/output/antismash_clusters_gbk/HpGP-ITA-013.region001.gbk	False
/home/yanyun/Documents/project/output/antismash_clusters_gbk/HpGP-LAT-011.region001.gbk	False
/home/yanyun/Documents/project/output/antismash_clusters_gbk/HpGP-IDN-006.region001.gbk	False
/home/yanyun/Documents/project/output/antismash_clusters_gbk/HpGP-IND-001.region001.gbk	False
/home/yanyun/Documents/project/output/antismash_clusters_gbk/HpGP-PER-124.region001.gbk	False
/home/yanyun/Documents/project/output/antismash_clusters_gbk/HpGP-SPA-302.region001.gbk	False
/home/yanyun/Documents/project/output/antismash_clusters_gbk/HpGP-MAL-019.region001.gbk	False
/home/yanyun/Documents/project/output/antismash_clusters_gbk/HpGP-NPL-003.region001.gbk	False
/home/yanyun/Documents/project/output/antismash_clusters_gbk/HpGP-CHI-104.region001.gbk	False
/home/yanyun/Documents/project/output/antismash_clusters_gbk/HpGP-JAP-012.region001.gbk	False
/home/yanyun/Documents/project/output/antismash_clusters_gbk/HpGP-KOR-012.region001.gbk	False
/home/yanyun/Documents/project/output/antismash_clusters_gbk/HpGP-SPA-503.region001.gbk	False
/home/yanyun/Documents/project/output/antismash_clusters_gbk/HpGP-KOR-101.region001.gbk	False
/home/yanyun/Documents/project/output/antismash_clusters_gbk/HpGP-ISL-004.region001.gbk	False
/home/yanyun/Documents/project/output/antismash_clusters_gbk/HpGP-USA-302.region001.gbk	False
/home/yanyun/Documents/project/output/antismash_clusters_gbk/HpGP-GER-006.region001.gbk	False
/home/yanyun/Documents/project/output/antismash_clusters_gbk/HpGP-GRE-041.region001.gbk	False
/home/yanyun/Documents/project/output/antismash_clusters_gbk/HpGP-IDN-008.region001.gbk	False
/home/yanyun/Documents/project/output/antismash_clusters_gbk/HpGP-SGP-014.region001.gbk	False
/home/yanyun/Documents/project/output/antismash_clusters_gbk/HpGP-SPA-806.region001.gbk	False
/home/yanyun/Documents/project/output/antismash_clusters_gbk/HpGP-KOR-001.region001.gbk	False
/home/yanyun/Documents/project/output/antismash_clusters_gbk/HpGP-SPA-010.region001.gbk	False
/home/yanyun/Documents/project/output/antismash_clusters_gbk/HpGP-SWE-027.region001.gbk	False
/home/yanyun/Documents/project/output/antismash_clusters_gbk/HpGP-LIT-002.region001.gbk	False
/home/yanyun/Documents/project/output/antismash_clusters_gbk/HpGP-SWT-007.region001.gbk	False
/home/yanyun/Documents/project/output/antismash_clusters_gbk/HpGP-ZAF-007.region001.gbk	False
/home/yanyun/Documents/project/output/antismash_clusters_gbk/HpGP-COL-120.region001.gbk	False
/home/yanyun/Documents/project/output/antismash_clusters_gbk/HpGP-ZAF-011.region001.gbk	False
/home/yanyun/Documents/project/output/antismash_clusters_gbk/HpGP-GRE-042.region001.gbk	False
/home/yanyun/Documents/project/output/antismash_clusters_gbk/HpGP-ARG-001.region001.gbk	False
/home/yanyun/Documents/project/output/antismash_clusters_gbk/HpGP-POL-107.region001.gbk	False
/home/yanyun/Documents/project/output/antismash_clusters_gbk/HpGP-IDN-005.region001.gbk	False
/home/yanyun/Documents/project/output/antismash_clusters_gbk/HpGP-CHI-006.region001.gbk	False
/home/yanyun/Documents/project/output/antismash_clusters_gbk/HpGP-CHI-120.region001.gbk	False
/home/yanyun/Documents/project/output/antismash_clusters_gbk/HpGP-LAT-025.region001.gbk	False
/home/yanyun/Documents/project/output/antismash_clusters_gbk/HpGP-MEX-006.region001.gbk	False
/home/yanyun/Documents/project/output/antismash_clusters_gbk/HpGP-BGR-007.region001.gbk	False
/home/yanyun/Documents/project/output/antismash_clusters_gbk/HpGP-POR-109.region001.gbk	False
/home/yanyun/Documents/project/output/antismash_clusters_gbk/HpGP-POR-114.region001.gbk	False
/home/yanyun/Documents/project/output/antismash_clusters_gbk/HpGP-LAT-036.region001.gbk	False
/home/yanyun/Documents/project/output/antismash_clusters_gbk/HpGP-BGD-004.region001.gbk	False
/home/yanyun/Documents/project/output/antismash_clusters_gbk/HpGP-SWT-003.region001.gbk	False
/home/yanyun/Documents/project/output/antismash_clusters_gbk/HpGP-USA-102.region001.gbk	False
/home/yanyun/Documents/project/output/antismash_clusters_gbk/HpGP-TUR-001.region001.gbk	False
/home/yanyun/Documents/project/output/antismash_clusters_gbk/HpGP-MAL-010.region001.gbk	False
/home/yanyun/Documents/project/output/antismash_clusters_gbk/HpGP-BRA-015.region001.gbk	False
/home/yanyun/Documents/project/output/antismash_clusters_gbk/HpGP-SGP-017.region001.gbk	False
/home/yanyun/Documents/project/output/antismash_clusters_gbk/HpGP-PER-112.region001.gbk	False
/home/yanyun/Documents/project/output/antismash_clusters_gbk/HpGP-COL-121.region001.gbk	False
/home/yanyun/Documents/project/output/antismash_clusters_gbk/HpGP-SPA-110.region001.gbk	False
/home/yanyun/Documents/project/output/antismash_clusters_gbk/HpGP-CHI-126.region001.gbk	False
/home/yanyun/Documents/project/output/antismash_clusters_gbk/HpGP-SWE-018.region001.gbk	False
/home/yanyun/Documents/project/output/antismash_clusters_gbk/HpGP-SPA-011.region001.gbk	False
/home/yanyun/Documents/project/output/antismash_clusters_gbk/HpGP-BGR-008.region001.gbk	False
/home/yanyun/Documents/project/output/antismash_clusters_gbk/HpGP-USA-402.region001.gbk	False
/home/yanyun/Documents/project/output/antismash_clusters_gbk/HpGP-ITA-010.region001.gbk	False
/home/yanyun/Documents/project/output/antismash_clusters_gbk/HpGP-CHI-007.region001.gbk	False
/home/yanyun/Documents/project/output/antismash_clusters_gbk/HpGP-SPA-601.region001.gbk	False
/home/yanyun/Documents/project/output/antismash_clusters_gbk/HpGP-KOR-117.region001.gbk	False
/home/yanyun/Documents/project/output/antismash_clusters_gbk/HpGP-SPA-707.region001.gbk	False
/home/yanyun/Documents/project/output/antismash_clusters_gbk/HpGP-POR-004.region001.gbk	False
/home/yanyun/Documents/project/output/antismash_clusters_gbk/HpGP-CAN-019.region001.gbk	False
/home/yanyun/Documents/project/output/antismash_clusters_gbk/HpGP-JAP-103.region001.gbk	False
/home/yanyun/Documents/project/output/antismash_clusters_gbk/HpGP-MEX-009.region001.gbk	False
/home/yanyun/Documents/project/output/antismash_clusters_gbk/HpGP-COL-119.region001.gbk	False
/home/yanyun/Documents/project/output/antismash_clusters_gbk/HpGP-ITA-020.region001.gbk	False
/home/yanyun/Documents/project/output/antismash_clusters_gbk/HpGP-MAL-017.region001.gbk	False
/home/yanyun/Documents/project/output/antismash_clusters_gbk/HpGP-TWN-001.region001.gbk	False
/home/yanyun/Documents/project/output/antismash_clusters_gbk/HpGP-COG-004.region001.gbk	False
/home/yanyun/Documents/project/output/antismash_clusters_gbk/HpGP-KOR-051.region001.gbk	False
/home/yanyun/Documents/project/output/antismash_clusters_gbk/HpGP-ISR-002.region001.gbk	False
/home/yanyun/Documents/project/output/antismash_clusters_gbk/HpGP-POR-006.region001.gbk	False
/home/yanyun/Documents/project/output/antismash_clusters_gbk/HpGP-ISL-011.region001.gbk	False
/home/yanyun/Documents/project/output/antismash_clusters_gbk/HpGP-CHI-011.region001.gbk	False
/home/yanyun/Documents/project/output/antismash_clusters_gbk/HpGP-DOM-005.region001.gbk	False
/home/yanyun/Documents/project/output/antismash_clusters_gbk/HpGP-PER-105.region001.gbk	False
/home/yanyun/Documents/project/output/antismash_clusters_gbk/HpGP-COL-118.region001.gbk	False
/home/yanyun/Documents/project/output/antismash_clusters_gbk/HpGP-MAL-008.region001.gbk	False
/home/yanyun/Documents/project/output/antismash_clusters_gbk/HpGP-BGD-008.region001.gbk	False
/home/yanyun/Documents/project/output/antismash_clusters_gbk/HpGP-SWE-034.region001.gbk	False
/home/yanyun/Documents/project/output/antismash_clusters_gbk/HpGP-DOM-003.region001.gbk	False
/home/yanyun/Documents/project/output/antismash_clusters_gbk/HpGP-POR-103.region001.gbk	False
/home/yanyun/Documents/project/output/antismash_clusters_gbk/HpGP-KOR-110.region001.gbk	False
/home/yanyun/Documents/project/output/antismash_clusters_gbk/HpGP-NPL-006.region001.gbk	False
/home/yanyun/Documents/project/output/antismash_clusters_gbk/HpGP-PER-021.region001.gbk	False
/home/yanyun/Documents/project/output/antismash_clusters_gbk/HpGP-MAL-018.region001.gbk	False
/home/yanyun/Documents/project/output/antismash_clusters_gbk/HpGP-LIT-026.region001.gbk	False
/home/yanyun/Documents/project/output/antismash_clusters_gbk/HpGP-CHI-106.region001.gbk	False
/home/yanyun/Documents/project/output/antismash_clusters_gbk/HpGP-SPA-801.region001.gbk	False
/home/yanyun/Documents/project/output/antismash_clusters_gbk/HpGP-SPA-105.region001.gbk	False
/home/yanyun/Documents/project/output/antismash_clusters_gbk/HpGP-FRA-006.region001.gbk	False
/home/yanyun/Documents/project/output/antismash_clusters_gbk/HpGP-SPA-413.region001.gbk	False
/home/yanyun/Documents/project/output/antismash_clusters_gbk/HpGP-GRE-040.region001.gbk	False
/home/yanyun/Documents/project/output/antismash_clusters_gbk/HpGP-ISR-008.region001.gbk	False
/home/yanyun/Documents/project/output/antismash_clusters_gbk/HpGP-PRI-001.region001.gbk	False
/home/yanyun/Documents/project/output/antismash_clusters_gbk/HpGP-MEX-040.region001.gbk	False
/home/yanyun/Documents/project/output/antismash_clusters_gbk/HpGP-HON-017.region001.gbk	False
/home/yanyun/Documents/project/output/antismash_clusters_gbk/HpGP-KOR-009.region001.gbk	False
/home/yanyun/Documents/project/output/antismash_clusters_gbk/HpGP-JAP-115.region001.gbk	False
/home/yanyun/Documents/project/output/antismash_clusters_gbk/HpGP-SWE-036.region001.gbk	False
/home/yanyun/Documents/project/output/antismash_clusters_gbk/HpGP-ARG-004.region001.gbk	False
/home/yanyun/Documents/project/output/antismash_clusters_gbk/HpGP-VNM-003.region001.gbk	False
/home/yanyun/Documents/project/output/antismash_clusters_gbk/HpGP-USA-411.region001.gbk	False
/home/yanyun/Documents/project/output/antismash_clusters_gbk/HpGP-ISR-010.region001.gbk	False
/home/yanyun/Documents/project/output/antismash_clusters_gbk/HpGP-BRA-002.region001.gbk	False
/home/yanyun/Documents/project/output/antismash_clusters_gbk/HpGP-SPA-507.region001.gbk	False
/home/yanyun/Documents/project/output/antismash_clusters_gbk/HpGP-PER-014.region001.gbk	False
/home/yanyun/Documents/project/output/antismash_clusters_gbk/HpGP-MEX-046.region001.gbk	False
/home/yanyun/Documents/project/output/antismash_clusters_gbk/HpGP-PER-020.region001.gbk	False
/home/yanyun/Documents/project/output/antismash_clusters_gbk/HpGP-KOR-111.region001.gbk	False
/home/yanyun/Documents/project/output/antismash_clusters_gbk/HpGP-TWN-008.region001.gbk	False
/home/yanyun/Documents/project/output/antismash_clusters_gbk/HpGP-LAT-032.region001.gbk	False
/home/yanyun/Documents/project/output/antismash_clusters_gbk/HpGP-TUR-023.region001.gbk	False
/home/yanyun/Documents/project/output/antismash_clusters_gbk/HpGP-SPA-206.region001.gbk	False
/home/yanyun/Documents/project/output/antismash_clusters_gbk/HpGP-CAN-011.region001.gbk	False
/home/yanyun/Documents/project/output/antismash_clusters_gbk/HpGP-KGZ-006.region001.gbk	False
/home/yanyun/Documents/project/output/antismash_clusters_gbk/HpGP-SGP-003.region001.gbk	False
/home/yanyun/Documents/project/output/antismash_clusters_gbk/HpGP-ARG-003.region001.gbk	False
/home/yanyun/Documents/project/output/antismash_clusters_gbk/HpGP-ITA-018.region001.gbk	False
/home/yanyun/Documents/project/output/antismash_clusters_gbk/HpGP-SWE-002.region001.gbk	False
/home/yanyun/Documents/project/output/antismash_clusters_gbk/HpGP-CRI-006.region001.gbk	False
/home/yanyun/Documents/project/output/antismash_clusters_gbk/HpGP-LAT-026.region001.gbk	False
/home/yanyun/Documents/project/output/antismash_clusters_gbk/HpGP-USA-116.region001.gbk	False
/home/yanyun/Documents/project/output/antismash_clusters_gbk/HpGP-JOR-003.region001.gbk	False
/home/yanyun/Documents/project/output/antismash_clusters_gbk/HpGP-RUS-002.region001.gbk	False
/home/yanyun/Documents/project/output/antismash_clusters_gbk/HpGP-ALG-004.region001.gbk	False
/home/yanyun/Documents/project/output/antismash_clusters_gbk/HpGP-VNM-005.region001.gbk	False
/home/yanyun/Documents/project/output/antismash_clusters_gbk/HpGP-COL-003.region001.gbk	False
/home/yanyun/Documents/project/output/antismash_clusters_gbk/HpGP-CHI-002.region001.gbk	False
/home/yanyun/Documents/project/output/antismash_clusters_gbk/HpGP-TWN-018.region001.gbk	False
/home/yanyun/Documents/project/output/antismash_clusters_gbk/HpGP-CHI-116.region001.gbk	False
/home/yanyun/Documents/project/output/antismash_clusters_gbk/HpGP-SWE-005.region001.gbk	False
/home/yanyun/Documents/project/output/antismash_clusters_gbk/HpGP-COL-114.region001.gbk	False
/home/yanyun/Documents/project/output/antismash_clusters_gbk/HpGP-TWN-030.region001.gbk	False
/home/yanyun/Documents/project/output/antismash_clusters_gbk/HpGP-KOR-044.region001.gbk	False
/home/yanyun/Documents/project/output/antismash_clusters_gbk/HpGP-VNM-008.region001.gbk	False
/home/yanyun/Documents/project/output/antismash_clusters_gbk/HpGP-TWN-024.region001.gbk	False
/home/yanyun/Documents/project/output/antismash_clusters_gbk/HpGP-ZAF-006.region001.gbk	False
/home/yanyun/Documents/project/output/antismash_clusters_gbk/HpGP-BRA-004.region001.gbk	False
/home/yanyun/Documents/project/output/antismash_clusters_gbk/HpGP-USA-123.region001.gbk	False
/home/yanyun/Documents/project/output/antismash_clusters_gbk/HpGP-HON-009.region001.gbk	False
/home/yanyun/Documents/project/output/antismash_clusters_gbk/HpGP-IDN-007.region001.gbk	False
/home/yanyun/Documents/project/output/antismash_clusters_gbk/HpGP-KOR-024.region001.gbk	False
/home/yanyun/Documents/project/output/antismash_clusters_gbk/HpGP-CRI-004.region001.gbk	False
/home/yanyun/Documents/project/output/antismash_clusters_gbk/HpGP-TWN-006.region001.gbk	False
/home/yanyun/Documents/project/output/antismash_clusters_gbk/HpGP-LAT-005.region001.gbk	False
/home/yanyun/Documents/project/output/antismash_clusters_gbk/HpGP-SPA-013.region001.gbk	False
/home/yanyun/Documents/project/output/antismash_clusters_gbk/HpGP-GHA-003.region001.gbk	False
/home/yanyun/Documents/project/output/antismash_clusters_gbk/HpGP-ITA-009.region001.gbk	False
/home/yanyun/Documents/project/output/antismash_clusters_gbk/HpGP-SPA-321.region001.gbk	False
/home/yanyun/Documents/project/output/antismash_clusters_gbk/HpGP-CHI-208.region001.gbk	False
/home/yanyun/Documents/project/output/antismash_clusters_gbk/HpGP-SPA-409.region001.gbk	False
/home/yanyun/Documents/project/output/antismash_clusters_gbk/HpGP-ITA-015.region001.gbk	False
/home/yanyun/Documents/project/output/antismash_clusters_gbk/HpGP-KOR-045.region001.gbk	False
/home/yanyun/Documents/project/output/antismash_clusters_gbk/HpGP-USA-201.region001.gbk	False
/home/yanyun/Documents/project/output/antismash_clusters_gbk/HpGP-POL-009.region001.gbk	False
/home/yanyun/Documents/project/output/antismash_clusters_gbk/HpGP-USA-408.region001.gbk	False
/home/yanyun/Documents/project/output/antismash_clusters_gbk/HpGP-CAN-002.region001.gbk	False
/home/yanyun/Documents/project/output/antismash_clusters_gbk/HpGP-COL-202.region001.gbk	False
/home/yanyun/Documents/project/output/antismash_clusters_gbk/HpGP-SWE-024.region001.gbk	False
/home/yanyun/Documents/project/output/antismash_clusters_gbk/HpGP-MAL-022.region001.gbk	False
/home/yanyun/Documents/project/output/antismash_clusters_gbk/HpGP-ZAF-002.region001.gbk	False
/home/yanyun/Documents/project/output/antismash_clusters_gbk/HpGP-TWN-020.region001.gbk	False
/home/yanyun/Documents/project/output/antismash_clusters_gbk/HpGP-ALG-009.region001.gbk	False
/home/yanyun/Documents/project/output/antismash_clusters_gbk/HpGP-SGP-032.region001.gbk	False
/home/yanyun/Documents/project/output/antismash_clusters_gbk/HpGP-JAP-010.region001.gbk	False
/home/yanyun/Documents/project/output/antismash_clusters_gbk/HpGP-GHA-009.region001.gbk	False
/home/yanyun/Documents/project/output/antismash_clusters_gbk/HpGP-HON-004.region001.gbk	False
/home/yanyun/Documents/project/output/antismash_clusters_gbk/HpGP-CHI-210.region001.gbk	False
/home/yanyun/Documents/project/output/antismash_clusters_gbk/HpGP-ZAF-001.region001.gbk	False
/home/yanyun/Documents/project/output/antismash_clusters_gbk/HpGP-CHI-027.region001.gbk	False
/home/yanyun/Documents/project/output/antismash_clusters_gbk/HpGP-CHN-007.region001.gbk	False
/home/yanyun/Documents/project/output/antismash_clusters_gbk/HpGP-KGZ-009.region001.gbk	False
/home/yanyun/Documents/project/output/antismash_clusters_gbk/HpGP-GER-015.region001.gbk	False
/home/yanyun/Documents/project/output/antismash_clusters_gbk/HpGP-POR-101.region001.gbk	False
/home/yanyun/Documents/project/output/antismash_clusters_gbk/HpGP-LAT-004.region001.gbk	False
/home/yanyun/Documents/project/output/antismash_clusters_gbk/HpGP-SPA-009.region001.gbk	False
/home/yanyun/Documents/project/output/antismash_clusters_gbk/HpGP-LIT-010.region001.gbk	False
/home/yanyun/Documents/project/output/antismash_clusters_gbk/HpGP-KOR-053.region001.gbk	False
/home/yanyun/Documents/project/output/antismash_clusters_gbk/HpGP-USA-204.region001.gbk	False
/home/yanyun/Documents/project/output/antismash_clusters_gbk/HpGP-SPA-001.region001.gbk	False
/home/yanyun/Documents/project/output/antismash_clusters_gbk/HpGP-COG-010.region001.gbk	False
/home/yanyun/Documents/project/output/antismash_clusters_gbk/HpGP-IND-006.region001.gbk	False
/home/yanyun/Documents/project/output/antismash_clusters_gbk/HpGP-MAL-021.region001.gbk	False
/home/yanyun/Documents/project/output/antismash_clusters_gbk/HpGP-FRA-003.region001.gbk	False
/home/yanyun/Documents/project/output/antismash_clusters_gbk/HpGP-LAT-017.region001.gbk	False
/home/yanyun/Documents/project/output/antismash_clusters_gbk/HpGP-JOR-007.region001.gbk	False
/home/yanyun/Documents/project/output/antismash_clusters_gbk/HpGP-CAN-017.region001.gbk	False
/home/yanyun/Documents/project/output/antismash_clusters_gbk/HpGP-GER-007.region001.gbk	False
/home/yanyun/Documents/project/output/antismash_clusters_gbk/HpGP-POL-110.region001.gbk	False
/home/yanyun/Documents/project/output/antismash_clusters_gbk/HpGP-SPA-210.region001.gbk	False
/home/yanyun/Documents/project/output/antismash_clusters_gbk/HpGP-RUS-010.region001.gbk	False
/home/yanyun/Documents/project/output/antismash_clusters_gbk/HpGP-USA-106.region001.gbk	False
/home/yanyun/Documents/project/output/antismash_clusters_gbk/HpGP-HON-028.region001.gbk	False
/home/yanyun/Documents/project/output/antismash_clusters_gbk/HpGP-HON-011.region001.gbk	False
